"prompt","task_type","answer"
"I'm trying to make Cacio e Pepe. I have spaghetti, Pecorino Romano cheese, and salt. What is the essential spice I'm missing?","missing_ingredient_identification","You are missing freshly cracked **black pepper**. The name 'Cacio e Pepe' literally translates to 'cheese and pepper', making it a crucial component."
"Please scale this Bolognese sauce recipe, which serves 8, down to serve 2.\n\nIngredients for 8 servings:\n- 2 lbs ground meat (beef/pork)\n- 2 cups chopped onions\n- 1 cup chopped carrots\n- 1 cup chopped celery\n- 2 (28 oz) cans of crushed tomatoes\n- 1 cup whole milk","recipe_scaling","Ingredients for 2 servings:\n- 1/2 lb ground meat (beef/pork)\n- 1/2 cup chopped onions\n- 1/4 cup chopped carrots\n- 1/4 cup chopped celery\n- 1 (14 oz) can of crushed tomatoes\n- 1/4 cup whole milk"
"My recipe for fresh pasta calls for '00' flour, but I only have all-purpose flour. Can I use it as a substitute?","substitution_validation","{ ""valid"": true, ""explanation"": ""Yes, you can substitute all-purpose flour for '00' flour. The resulting pasta may be slightly less silky and a bit chewier, as '00' flour is more finely milled, but it will still be delicious."" }"
"I am making a béchamel sauce for my lasagna. I have butter, flour, and nutmeg. What is the fundamental liquid ingredient I am missing?","missing_ingredient_identification","You are missing **milk**. Béchamel is a classic mother sauce made by thickening milk with a roux (a cooked mixture of butter and flour)."
"Please scale this simple marinara sauce recipe from 6 servings down to 2 servings.\n\nIngredients for 6 servings:\n- 1 (28 oz) can whole peeled tomatoes\n- 6 cloves garlic\n- 1/2 cup fresh basil\n- 3 tbsp olive oil","recipe_scaling","Ingredients for 2 servings:\n- 1 (10-14 oz) can whole peeled tomatoes\n- 2 cloves garlic\n- 3 tbsp fresh basil\n- 1 tbsp olive oil"
"I am making Spaghetti alla Carbonara and the recipe calls for Pecorino Romano cheese. Can I use Parmigiano-Reggiano instead?","substitution_validation","{ ""valid"": true, ""explanation"": ""Yes, Parmigiano-Reggiano is a very common and acceptable substitute for Pecorino Romano. The flavor will be slightly nuttier and less sharp/salty, as Pecorino is made from sheep's milk."" }"
"I'm making Pasta alla Norma. I have pasta, tomatoes, and salted ricotta (ricotta salata). What is the key vegetable I'm missing?","missing_ingredient_identification","You are missing **eggplant** (aubergine). Fried eggplant is the signature ingredient in a traditional Pasta alla Norma."
"Please scale this Pesto recipe, which makes enough for 1 lb of pasta, down to a portion for a single serving (1/4 lb pasta).\n\nIngredients for 1 lb pasta:\n- 2 cups fresh basil\n- 1/2 cup pine nuts\n- 2/3 cup olive oil\n- 1/2 cup grated Parmesan","recipe_scaling","Ingredients for 1/4 lb pasta:\n- 1/2 cup fresh basil\n- 2 tbsp pine nuts\n- 3 tbsp olive oil\n- 2 tbsp grated Parmesan"
"I want to make a traditional Carbonara sauce and a friend told me to add heavy cream. Is cream a traditional ingredient in Carbonara?","substitution_validation","{ ""valid"": false, ""explanation"": ""No, heavy cream is not an ingredient in a traditional Italian Carbonara. The creaminess comes from an emulsion of egg yolks, rendered pork fat (from guanciale), pasta water, and Pecorino cheese."" }"
"I'm assembling a classic lasagna Bolognese. I have the pasta sheets, the Bolognese meat sauce, and the béchamel sauce. What cheese is essential for layering and topping?","missing_ingredient_identification","You are missing **Parmigiano-Reggiano**. It's layered between the sauces and sprinkled on top to create a savory, golden-brown crust."
"Please scale this Aglio e Olio recipe for 4 people down to a single serving.\n\nIngredients for 4 people:\n- 1 lb spaghetti\n- 8 cloves of garlic, thinly sliced\n- 1/2 cup extra virgin olive oil\n- 1 tsp red pepper flakes","recipe_scaling","Ingredients for 1 person:\n- 1/4 lb (approx 100g) spaghetti\n- 2 cloves of garlic, thinly sliced\n- 2 tbsp extra virgin olive oil\n- 1/4 tsp red pepper flakes"
"My Amatriciana sauce recipe calls for guanciale, but it's hard to find. Can I use pancetta instead?","substitution_validation","{ ""valid"": true, ""explanation"": ""Yes, pancetta is the most common and best substitute for guanciale. It is also a cured pork belly, though it lacks the distinct flavor of the cured pork jowl used for guanciale."" }"
"I'm making a vodka sauce. I have tomatoes, heavy cream, onions, and garlic. What is the key spirit that gives the sauce its name and unique flavor?","missing_ingredient_identification","You are missing **vodka**. The alcohol helps to release flavor compounds from the tomatoes and balances the richness of the cream."
"Please scale this Carbonara sauce for 4 people (using 1 lb/450g pasta) down to 2 people.\n\nIngredients for 4 servings:\n- 4 large egg yolks\n- 1 whole large egg\n- 1 cup grated Pecorino Romano\n- 150g guanciale","recipe_scaling","Ingredients for 2 servings:\n- 2 large egg yolks\n- 1/2 a whole large egg (or 1 small egg)\n- 1/2 cup grated Pecorino Romano\n- 75g guanciale"
"I'm making Pesto alla Trapanese, a Sicilian version of pesto. I have tomatoes, basil, and garlic. What is the nut I'm missing that distinguishes it from Genovese pesto?","missing_ingredient_identification","You are missing **almonds**. Pesto alla Trapanese traditionally uses almonds instead of the pine nuts found in Pesto alla Genovese."
"I'm making a creamy Alfredo sauce and the recipe calls for heavy cream. Can I substitute it with whole milk to make it lighter?","substitution_validation","{ ""valid"": false, ""explanation"": ""This is not a good substitute if you want a rich, stable sauce. The high fat content of heavy cream is essential for creating a thick, creamy Alfredo that won't break. Using milk will result in a much thinner, watery sauce."" }"
"Please scale this baked ziti recipe for a 9x13 inch pan (serves 8-10) down to an 8x8 inch pan (serves 4-5).\n\nIngredients for 9x13 pan:\n- 1 lb ziti pasta\n- 32 oz ricotta cheese\n- 1 lb shredded mozzarella\n- 1 (24 oz) jar marinara sauce","recipe_scaling","Ingredients for 8x8 pan:\n- 1/2 lb ziti pasta\n- 16 oz ricotta cheese\n- 1/2 lb shredded mozzarella\n- 1.5 cups (12 oz) marinara sauce"
"I am making Pasta e Fagioli (pasta and bean soup). I have pasta, cannellini beans, vegetable broth, and tomatoes. What aromatic vegetable base am I missing?","missing_ingredient_identification","You are missing the **soffritto**. This is a flavor base made of finely chopped **onion, celery, and carrots** sautéed in olive oil."
"My recipe for pasta dough calls for semolina flour, but I only have all-purpose flour. Will this work for making a sturdy shape like orecchiette?","substitution_validation","{ ""valid"": false, ""explanation"": ""This is not an ideal substitution for shapes that require a firm bite. Semolina is a coarse, high-protein flour from durum wheat that gives pasta its signature chew and structure. Using only all-purpose flour will result in a much softer, less durable pasta."" }"
"I'm preparing Spaghetti alle Vongole (clams). I have spaghetti, fresh clams, garlic, and olive oil. What am I missing to deglaze the pan and create a flavorful broth?","missing_ingredient_identification","You are missing **dry white wine**. It's used to steam the clams open and forms the aromatic base of the sauce, along with parsley and chili flakes."
"Please scale this fresh pasta dough recipe from 400g of flour down to 150g of flour.\n\nIngredients for 400g flour:\n- 400g '00' Flour\n- 4 large eggs\n- 1 tsp salt","recipe_scaling","Ingredients for 150g flour:\n- 150g '00' Flour\n- 1 large egg and 1 egg yolk (or 1.5 large eggs, beaten)\n- 1/2 tsp salt"
"I am making a lasagna and the recipe calls for ricotta cheese for the filling. Can I use cottage cheese instead?","substitution_validation","{ ""valid"": true, ""explanation"": ""Yes, cottage cheese can be used as a substitute for ricotta, often to lower the fat content. However, for a smoother texture, it's recommended to blend the cottage cheese first. The flavor will also be slightly tangier."" }"
"I'm trying to make a basic tomato sauce. I have canned tomatoes and olive oil. What aromatic ingredient should I add at the beginning to build flavor?","missing_ingredient_identification","You are missing **garlic** and/or **onion**. Sautéing these aromatics in olive oil before adding the tomatoes is the fundamental first step to building a flavorful sauce."
"Please scale the cheese sauce for a Macaroni and Cheese recipe (serves 8) down to serve 2.\n\nIngredients for 8 servings:\n- 1/2 cup butter\n- 1/2 cup flour\n- 4 cups milk\n- 1 lb shredded cheddar cheese","recipe_scaling","Ingredients for 2 servings:\n- 2 tbsp butter\n- 2 tbsp flour\n- 1 cup milk\n- 1/4 lb (4 oz) shredded cheddar cheese"
"I want to make a gluten-free pasta dish. Can I substitute regular spaghetti with zucchini noodles ('zoodles') and follow the same cooking instructions?","substitution_validation","{ ""valid"": false, ""explanation"": ""No, you cannot follow the same cooking instructions. Zucchini noodles are a vegetable substitute, not a direct pasta replacement. They contain a lot of water and should be cooked very briefly (sautéed for 1-2 minutes) or served raw to avoid becoming mushy. Boiling them like pasta will result in a watery mess."" }"
"I'm making a classic Italian-American dish with pasta, broccoli, and sausage. What kind of pasta shape is traditionally used?","missing_ingredient_identification","While many shapes work, the dish is most famously made with **orecchiette**, whose cup-like shape is perfect for catching bits of sausage and broccoli florets."
"Please scale a Puttanesca sauce recipe from 4 servings down to 1 serving.\n\nIngredients for 4 servings:\n- 1 (14oz) can diced tomatoes\n- 6 anchovy fillets\n- 1/2 cup Kalamata olives\n- 2 tbsp capers","recipe_scaling","Ingredients for 1 serving:\n- 1/2 cup diced tomatoes\n- 1-2 anchovy fillets\n- 2 tbsp Kalamata olives\n- 1/2 tbsp capers"
"I'm making a creamy sausage pasta sauce. The recipe calls for heavy cream. Can I use evaporated milk as a substitute?","substitution_validation","{ ""valid"": true, ""explanation"": ""Yes, evaporated milk can be a good lower-fat substitute for heavy cream in cooked sauces. It is thicker than regular milk and resists curdling. The flavor will be slightly different but it can create a similarly creamy texture."" }"
"I am making pasta with a simple butter and sage sauce. I have the pasta, butter, and fresh sage leaves. What am I missing to finish the dish and balance the richness of the butter?","missing_ingredient_identification","You are missing grated **Parmigiano-Reggiano** cheese and a splash of the **starchy pasta water**. The cheese adds a salty, savory element and the pasta water helps to emulsify the butter into a creamy sauce."
"Please scale this lasagna recipe for a large 10x15 inch pan down to a standard 9x9 inch pan.\n\nIngredients for 10x15 pan:\n- 1.5 lbs pasta sheets\n- 4 cups meat sauce\n- 3 cups béchamel\n- 2 cups Parmesan","recipe_scaling","Ingredients for 9x9 pan:\n- 0.75 lbs pasta sheets\n- 2 cups meat sauce\n- 1.5 cups béchamel\n- 1 cup Parmesan"
"I want to make a spicy Arrabbiata sauce. The recipe calls for fresh red chilies. Can I use dried red pepper flakes instead?","substitution_validation","{ ""valid"": true, ""explanation"": ""Yes, dried red pepper flakes are an excellent and very common substitute for fresh chilies in Arrabbiata sauce. Add them to the oil with the garlic to bloom their flavor and heat. Use about 1/2 to 1 teaspoon of flakes for a medium heat level."" }"
"I'm making a pasta salad. I have cooked fusilli, cherry tomatoes, cucumbers, and a vinaigrette dressing. What ingredient can I add to provide a salty, briny flavor and a soft, fresh texture?","missing_ingredient_identification","You are missing **feta cheese** or **fresh mozzarella balls** (bocconcini). Both are classic additions that provide a savory, cheesy component to pasta salads."
"Please scale down this recipe for meatballs meant for spaghetti (makes 24 meatballs) to make a smaller batch of 8 meatballs.\n\nIngredients for 24 meatballs:\n- 1 lb ground beef\n- 1/2 cup breadcrumbs\n- 1 egg\n- 1/4 cup grated Parmesan","recipe_scaling","Ingredients for 8 meatballs:\n- 1/3 lb ground beef\n- 2.5 tbsp breadcrumbs\n- 1 egg yolk (or 1 small egg)\n- 1.5 tbsp grated Parmesan"
"I am making a creamy mushroom pasta sauce. The recipe calls for a splash of white wine to deglaze the pan after cooking the mushrooms. Can I use chicken broth instead?","substitution_validation","{ ""valid"": true, ""explanation"": ""Yes, you can substitute chicken or vegetable broth for white wine. You will miss the acidity and complex flavor that wine provides, but the broth will still effectively deglaze the pan and add savory depth to the sauce. A tiny squeeze of lemon juice at the end can help mimic the missing acidity."" }"
"I have prepared a delicious, slow-cooked lamb ragu to serve with pasta. What type of pasta is best suited for such a hearty, chunky sauce?","missing_ingredient_identification","You should use a broad, flat noodle like **pappardelle** or **tagliatelle**. Their wide surface area is perfect for catching and holding onto a rich, meaty ragu."
"Please scale up a basic fresh pasta recipe for one person to serve six people.\n\nIngredients for 1 serving:\n- 100g '00' flour\n- 1 large egg","recipe_scaling","Ingredients for 6 servings:\n- 600g '00' flour\n- 6 large eggs"
"I'm making a pasta sauce that calls for San Marzano tomatoes, but they are expensive. Can I use a regular can of crushed tomatoes?","substitution_validation","{ ""valid"": true, ""explanation"": ""Yes, you can absolutely use standard crushed or whole peeled tomatoes. San Marzano tomatoes are prized for their lower acidity and sweetness, so you might find your sauce is a bit brighter or more acidic. A pinch of sugar can help balance it if needed."" }"
"I'm making a classic Genovese pesto. I have basil, garlic, pine nuts, and olive oil. What is the essential hard cheese I'm missing?","missing_ingredient_identification","You are missing **Parmigiano-Reggiano**. It provides the salty, nutty, and savory (umami) backbone of the pesto sauce."
"Please scale a simple Carbonara recipe for one person up to serve five people.\n\nIngredients for 1 serving:\n- 1 egg yolk\n- 25g Pecorino cheese\n- 30g guanciale\n- 100g spaghetti","recipe_scaling","Ingredients for 5 servings:\n- 5 egg yolks\n- 125g Pecorino cheese\n- 150g guanciale\n- 500g spaghetti"
"I'm making a shrimp scampi pasta. The recipe calls for dry white wine like Pinot Grigio. Can I use a sweet wine like Moscato instead?","substitution_validation","{ ""valid"": false, ""explanation"": ""No, that is not a good substitution. A sweet wine like Moscato will make the sauce sugary and clash with the savory flavors of garlic and shrimp. A dry, crisp white wine is needed for its acidity and clean flavor."" }"
"I have cooked my spaghetti and drained it. My sauce is ready in a separate pan. What crucial, starchy liquid did I forget to save from the pot?","missing_ingredient_identification","You forgot to save a cup of the **pasta cooking water**. This starchy water is essential for emulsifying the sauce with the pasta, helping it cling to the noodles and creating a smooth, non-greasy texture."
"Please scale up a large batch of marinara sauce from 4 cups to 12 cups.\n\nIngredients for 4 cups:\n- 1 (28oz) can tomatoes\n- 1 onion\n- 4 cloves garlic\n- 1/4 cup olive oil","recipe_scaling","Ingredients for 12 cups:\n- 3 (28oz) cans tomatoes\n- 3 onions\n- 12 cloves garlic\n- 3/4 cup olive oil"
"A recipe for pasta e ceci (pasta with chickpeas) calls for ditalini pasta. Can I use spaghetti instead?","substitution_validation","{ ""valid"": false, ""explanation"": ""While you technically can, it's not a good substitution. Pasta e ceci is a thick, spoonable soup or stew. A small pasta shape like ditalini is meant to be eaten with a spoon along with the chickpeas. Long strands of spaghetti would be very awkward to eat in this context."" }"
"I am making a pasta dish with a creamy Gorgonzola sauce. I have pasta and Gorgonzola cheese. What ingredient is typically added to melt the cheese into a smooth sauce?","missing_ingredient_identification","You are missing **heavy cream** or **milk**. Gorgonzola is melted into the heated cream to create the rich, tangy sauce."
"Please scale down a Tuna Pasta Salad recipe for 8 people to serve 2 people.\n\nIngredients for 8 servings:\n- 1 lb fusilli pasta\n- 2 (5oz) cans of tuna\n- 1 cup mayonnaise\n- 1 cup chopped celery","recipe_scaling","Ingredients for 2 servings:\n- 1/4 lb fusilli pasta\n- 1/2 (5oz) can of tuna (or one small 2.5oz can)\n- 1/4 cup mayonnaise\n- 1/4 cup chopped celery"
"I am making pasta from scratch and the dough feels very dry and crumbly. What did I most likely not add enough of?","missing_ingredient_identification","You most likely did not add enough **liquid**, which in pasta dough is typically **eggs** or water. The hydration level is too low, preventing the flour from forming a cohesive dough."
"My recipe for a baked pasta dish requires a topping of breadcrumbs sautéed in olive oil. Can I use crushed potato chips or crackers for a similar crunchy topping?","substitution_validation","{ ""valid"": true, ""explanation"": ""Yes, that's a creative and effective substitution. Crushed potato chips, crackers, or even cornflakes can be used in place of breadcrumbs to provide a crunchy, golden-brown topping for baked pasta dishes."" }"
"I'm making pasta with brown butter and mizithra cheese. I have the pasta and the butter. What is the key, unique ingredient I'm missing?","missing_ingredient_identification","You are missing the **mizithra cheese**. It is a traditional Greek cheese with a salty, nutty flavor that is the signature component of this simple yet famous dish."
"Please scale up a recipe for Macaroni and Cheese from a 1-quart dish to a 3-quart dish.\n\nIngredients for 1 quart:\n- 8 oz elbow macaroni\n- 2 cups shredded cheese\n- 2 cups milk","recipe_scaling","Ingredients for 3 quarts:\n- 24 oz (1.5 lbs) elbow macaroni\n- 6 cups shredded cheese\n- 6 cups milk"
"I'm making a simple pasta al limone. I have pasta, lemon juice, heavy cream, and Parmesan. What herb is typically added for freshness and color?","missing_ingredient_identification","You are missing fresh **parsley** or **basil**. Parsley is most common for its clean, peppery flavor that complements the lemon."
"Please scale this recipe for a large batch of Sunday Gravy for 12 people down to serve 4.\n\nIngredients for 12 servings:\n- 2 lbs pork ribs\n- 2 lbs Italian sausage\n- 4 (28oz) cans crushed tomatoes\n- 2 cups red wine","recipe_scaling","Ingredients for 4 servings:\n- 0.67 lbs pork ribs (approx. 2/3 lb)\n- 0.67 lbs Italian sausage (approx. 2/3 lb)\n- 1.33 (28oz) cans crushed tomatoes (approx. 37oz)\n- 2/3 cup red wine"
"I am making a creamy tomato sauce and the recipe calls for mascarpone cheese to finish. Can I use cream cheese instead?","substitution_validation","{ ""valid"": true, ""explanation"": ""Yes, you can substitute cream cheese for mascarpone, but the result will be tangier and less rich. To compensate, you can thin the cream cheese with a little heavy cream and add a pinch of sugar."" }"
"I'm making Pasta alla Gricia. I have guanciale and Pecorino Romano cheese. What is the essential spice that, along with cheese, forms the sauce?","missing_ingredient_identification","You are missing coarse, freshly cracked **black pepper**. Pasta alla Gricia is often called the 'mother' of Amatriciana and Carbonara and consists of just guanciale, Pecorino, and black pepper."
"Please scale this pasta salad recipe for a party of 20 down to a family dinner for 4.\n\nIngredients for 20 servings:\n- 4 lbs rotini pasta\n- 5 cups mayonnaise\n- 4 cups chopped celery\n- 2 cups chopped red onion","recipe_scaling","Ingredients for 4 servings:\n- 0.8 lbs rotini pasta (approx. 13 oz)\n- 1 cup mayonnaise\n- 0.8 cups chopped celery (approx. 4/5 cup)\n- 0.4 cups chopped red onion (approx. 2/5 cup)"
"I want to make pasta with a sausage and broccoli rabe sauce. The recipe calls for broccoli rabe, which is bitter. Can I use regular broccoli florets instead?","substitution_validation","{ ""valid"": false, ""explanation"": ""While you can make a tasty dish with broccoli, it is not a good substitute for broccoli rabe. The signature flavor of the dish comes from the pleasant bitterness of broccoli rabe, which balances the rich sausage. Regular broccoli is much milder and sweeter."" }"
"My Carbonara sauce scrambled and looks like bits of cooked egg. I used egg yolks, Pecorino, and hot pasta. What crucial liquid did I forget to add to temper the eggs and create a creamy sauce?","missing_ingredient_identification","You forgot to use the **starchy pasta water**. Whisking a small amount of the hot pasta water into the egg and cheese mixture before adding the pasta helps to gently cook the eggs and create a smooth, emulsified sauce."
"Please scale this recipe for garlic confit (for pasta topping) from 4 cups of garlic cloves down to 1 cup.\n\nIngredients for 4 cups garlic:\n- 4 cups peeled garlic cloves\n- 6 cups olive oil\n- 10 sprigs of thyme","recipe_scaling","Ingredients for 1 cup garlic:\n- 1 cup peeled garlic cloves\n- 1.5 cups olive oil\n- 2-3 sprigs of thyme"
"My fresh ravioli recipe calls for semolina flour for dusting the board. I don't have any. Can I use cornmeal instead?","substitution_validation","{ ""valid"": true, ""explanation"": ""Yes, cornmeal is an excellent substitute for semolina for dusting. Its coarse texture is very effective at preventing the fresh pasta from sticking to surfaces."" }"
"I am making a seafood linguine (frutti di mare). I have shrimp, calamari, and mussels in a light tomato sauce. What fresh herb is essential for finishing the dish?","missing_ingredient_identification","You are missing fresh **Italian parsley**. Its clean, bright flavor is essential to cut through the richness of the seafood and brighten the entire dish."
"Please scale up this simple butter and anchovy sauce from a single serving to serve 6.\n\nIngredients for 1 serving:\n- 3 tbsp unsalted butter\n- 2 anchovy fillets\n- 1 clove garlic","recipe_scaling","Ingredients for 6 servings:\n- 18 tbsp (1 1/8 cups) unsalted butter\n- 12 anchovy fillets\n- 6 cloves garlic"
"I'm making a baked manicotti dish. The recipe calls for manicotti tubes. Can I use lasagna sheets (cooked and filled) instead?","substitution_validation","{ ""valid"": true, ""explanation"": ""Yes, this is a very common and effective substitution. You can cook the lasagna sheets, lay them flat, spread the filling, and roll them up to create 'manicotti rolls'. The final dish will be very similar."" }"
"My pesto sauce tastes flat and lacks a bright, acidic note. I used basil, pine nuts, Parmesan, garlic, and olive oil. What did I forget?","missing_ingredient_identification","You are missing a small squeeze of **lemon juice**. While not in every traditional recipe, a little acidity from lemon juice is often added to brighten the flavors and balance the richness of the nuts and oil."
"Please scale down this recipe for Cacio e Pepe for 6 people to serve 2.\n\nIngredients for 6 people:\n- 1.5 lbs spaghetti\n- 3 cups grated Pecorino Romano\n- 3 tbsp cracked black pepper","recipe_scaling","Ingredients for 2 people:\n- 0.5 lbs spaghetti\n- 1 cup grated Pecorino Romano\n- 1 tbsp cracked black pepper"
"I'm making Pasta e Patate (pasta and potatoes). The recipe calls for 'pasta mista' (mixed pasta shapes). Can I just use one small shape, like ditalini?","substitution_validation","{ ""valid"": true, ""explanation"": ""Yes, you can absolutely use a single small shape like ditalini or tubetti. The 'pasta mista' is traditional for using up leftover pasta, but a single shape works perfectly for the soupy, starchy texture of the dish."" }"
"I'm making a spicy sausage ragu. I have sausage, tomatoes, and wine, but it lacks herbal aroma. What dried herb is a classic pairing with sausage?","missing_ingredient_identification","You are missing **fennel seed**. The slight licorice flavor of fennel is a classic and essential pairing that enhances the flavor of Italian sausage."
"Please scale up this recipe for a simple tomato-cream sauce for 2 people to serve 8.\n\nIngredients for 2 servings:\n- 1 can (14 oz) diced tomatoes\n- 1/2 cup heavy cream\n- 1 shallot","recipe_scaling","Ingredients for 8 servings:\n- 4 cans (14 oz) diced tomatoes\n- 2 cups heavy cream\n- 4 shallots (or 2 medium onions)"
"I'm making Pasta alla Boscaiola (woodsman's pasta). The recipe calls for fresh porcini mushrooms. They are very expensive. Can I use dried porcini mushrooms instead?","substitution_validation","{ ""valid"": true, ""explanation"": ""Yes, dried porcini mushrooms are an excellent substitute. You must rehydrate them in hot water first. The mushrooms will have a more intense, concentrated flavor, and you should use the flavorful soaking liquid in your sauce."" }"
"My Aglio e Olio is bitter. I used olive oil and garlic. What was the likely process mistake?","missing_ingredient_identification","You likely **burned the garlic**. For Aglio e Olio, the garlic should be gently toasted to a pale golden color over low heat. If it browns or burns, it will release a bitter flavor into the oil."
"Please scale down this recipe for a large batch of vodka sauce from 10 servings to 3.\n\nIngredients for 10 servings:\n- 2 cups heavy cream\n- 1 cup vodka\n- 2 (28oz) cans crushed tomatoes\n- 10 cloves garlic","recipe_scaling","Ingredients for 3 servings:\n- 0.6 cups heavy cream (approx. 2/3 cup)\n- 0.3 cups vodka (approx. 1/3 cup)\n- 0.6 (28oz) cans crushed tomatoes (approx. 17oz)\n- 3 cloves garlic"
"I want to make a Bolognese sauce, and the recipe calls for a mix of ground beef and pork. Can I use only ground beef?","substitution_validation","{ ""valid"": true, ""explanation"": ""Yes, you can use only ground beef. The sauce will be delicious, but you will miss the extra richness and tenderness that the fat from the ground pork provides. The texture may be slightly leaner."" }"
"I'm making a squid ink pasta dish (Spaghetti al Nero di Seppia). I have the squid ink pasta and fresh calamari. What ingredient is needed to make the black, savory sauce?","missing_ingredient_identification","You are missing the **squid ink** itself for the sauce. While the pasta is black, the sauce is made separately by sautéing aromatics and then adding the ink, which provides a briny, savory flavor."
"Please scale down this recipe for a large party-size lasagna from a 20-person sheet pan to a 6-person 9x13 inch dish.\n\nIngredients for 20 servings:\n- 4 lbs ricotta cheese\n- 3 lbs mozzarella cheese\n- 8 cups meat sauce","recipe_scaling","Ingredients for 6 servings:\n- 1.2 lbs ricotta cheese (approx. 20 oz)\n- 0.9 lbs mozzarella cheese (approx. 14 oz)\n- 2.4 cups meat sauce"
"I'm making a creamy lemon pasta sauce that calls for heavy cream. Can I use full-fat Greek yogurt to make it tangier and lighter?","substitution_validation","{ ""valid"": false, ""explanation"": ""This is not a good substitution for a hot sauce. Greek yogurt is prone to splitting or curdling when heated. It's better used in cold pasta salads or stirred in off the heat at the very end, but it won't create a stable, creamy sauce like heavy cream does."" }"
"My Amatriciana sauce seems thin and watery. I used guanciale, tomatoes, and Pecorino. What did I forget to add to help emulsify the sauce?","missing_ingredient_identification","You forgot to add a splash of the **starchy pasta water**. This liquid is full of starch from the pasta and is essential for binding the rendered fat and tomatoes into a cohesive, creamy sauce that clings to the noodles."
"Please scale up a recipe for a walnut pesto from 2 cups to 5 cups.\n\nIngredients for 2 cups:\n- 1.5 cups walnuts\n- 1 cup parsley\n- 3 cloves garlic\n- 1 cup olive oil","recipe_scaling","Ingredients for 5 cups:\n- 3.75 cups walnuts\n- 2.5 cups parsley\n- 7-8 cloves garlic\n- 2.5 cups olive oil"
"I'm making a pasta dish with nduja, a spicy, spreadable pork sausage. The recipe calls for it to be melted into the pan. Can I just add chunks of regular spicy Italian sausage instead?","substitution_validation","{ ""valid"": false, ""explanation"": ""No, this is not a direct substitute. Nduja is unique because it's spreadable and melts into a sauce, coating the pasta with its spicy, fatty flavor. Regular sausage will remain in chunks and will not create the same kind of sauce."" }"
"I'm making a classic Alfredo sauce. I have butter and Parmigiano-Reggiano. My sauce isn't coming together. What is the third key ingredient I'm missing?","missing_ingredient_identification","You are missing the **starchy pasta water**. A traditional Alfredo is an emulsion of butter, cheese, and the hot, starchy water from cooking the pasta. Without it, the fat from the butter and cheese will not bind properly."
"Please scale this recipe for fresh fettuccine dough for 6 people down to 2 people.\n\nIngredients for 6 servings:\n- 600g '00' flour\n- 6 large eggs\n- 1.5 tsp salt","recipe_scaling","Ingredients for 2 servings:\n- 200g '00' flour\n- 2 large eggs\n- 0.5 tsp salt"
"I'm making a ragu and the recipe requires a soffritto of onion, celery, and carrot. Can I use a mirepoix instead?","substitution_validation","{ ""valid"": true, ""explanation"": ""Yes, soffritto and mirepoix are virtually identical. Both consist of onion, celery, and carrot. The main difference is the technique: Italian soffritto is typically minced finer and cooked slowly in olive oil, whereas French mirepoix might be cut larger and cooked in butter."" }"
"My pasta salad dressing tastes bland. I used olive oil, red wine vinegar, and salt. What common ingredient am I missing for a little sweetness and tang?","missing_ingredient_identification","You are likely missing **Dijon mustard** and a touch of **honey or sugar**. The mustard acts as an emulsifier and adds tang, while a little sweetness balances the acidity of the vinegar."
"Please scale this recipe for baked ravioli for 4 people up to serve 12.\n\nIngredients for 4 servings:\n- 1 lb frozen ravioli\n- 2 cups marinara sauce\n- 2 cups shredded mozzarella","recipe_scaling","Ingredients for 12 servings:\n- 3 lbs frozen ravioli\n- 6 cups marinara sauce\n- 6 cups shredded mozzarella"
"I'm making a pasta dish with a brown butter and sage sauce. The recipe calls for unsalted butter. Can I use salted butter?","substitution_validation","{ ""valid"": true, ""explanation"": ""Yes, you can use salted butter, but you must significantly reduce or omit any other salt added to the sauce (like when seasoning the pasta water or finishing the dish). Otherwise, the final sauce may be too salty."" }"
"I'm making a Pasta al Forno (baked pasta). I have pasta, a meat sauce, and mozzarella. What ingredient is often added to the layers to provide a creamy texture?","missing_ingredient_identification","You are missing a creamy component like **béchamel sauce** or **ricotta cheese**. These are often layered with the meat sauce to add moisture and richness to the baked dish."
"Please scale this recipe for a simple garlic and oil sauce for 1 lb of pasta up to 4 lbs of pasta.\n\nIngredients for 1 lb pasta:\n- 1/2 cup olive oil\n- 8 cloves garlic\n- 1 tsp red pepper flakes","recipe_scaling","Ingredients for 4 lbs pasta:\n- 2 cups olive oil\n- 32 cloves garlic (about 3-4 heads)\n- 4 tsp (1 tbsp + 1 tsp) red pepper flakes"
"My pasta sauce recipe calls for a cup of dry red wine, like Chianti. Can I use a sweet red wine like Port instead?","substitution_validation","{ ""valid"": false, ""explanation"": ""No, that would be a poor substitution. Port is a sweet, fortified wine that would make your savory tomato sauce taste unpleasantly sugary and cloying. A dry wine is needed for its acidity and savory depth."" }"
"My lasagna seems a bit dry. I used noodles, ricotta, meat sauce, and mozzarella. What sauce layer did I potentially forget?","missing_ingredient_identification","You may have forgotten a layer of **béchamel sauce** or not used enough **tomato sauce**. A thin layer of sauce on the very bottom of the pan and ensuring the top layer of noodles is covered are crucial steps to prevent dryness."
"Please scale this recipe for orzo salad for 6 people down to 2 people.\n\nIngredients for 6 servings:\n- 1 lb orzo pasta\n- 1 cup crumbled feta cheese\n- 1 cup chopped cucumbers\n- 1/2 cup vinaigrette","recipe_scaling","Ingredients for 2 servings:\n- 1/3 lb orzo pasta\n- 1/3 cup crumbled feta cheese\n- 1/3 cup chopped cucumbers\n- 2.7 tbsp vinaigrette"
"I'm making a pasta sauce that requires tomato paste for depth. I don't have any. Can I use ketchup instead?","substitution_validation","{ ""valid"": false, ""explanation"": ""No, ketchup is not a suitable substitute for tomato paste. Ketchup contains sugar, vinegar, and other spices, which would fundamentally alter the flavor of your sauce. Tomato paste is concentrated, unsweetened tomato."" }"
"I made fresh pasta dough, but it's tough and not very elastic after resting. I used flour and eggs. What process step did I likely not do for long enough?","missing_ingredient_identification","You likely did not **knead the dough** for long enough. Kneading is the crucial step that develops the gluten network, giving the pasta its elasticity and smooth texture. It typically requires 8-10 minutes of continuous kneading."
"Please scale this recipe for a tuna and olive pasta sauce for 2 people up to 6 people.\n\nIngredients for 2 servings:\n- 1 can (5oz) tuna in oil\n- 1/2 cup chopped olives\n- 2 cloves garlic\n- 1 cup cherry tomatoes","recipe_scaling","Ingredients for 6 servings:\n- 3 cans (5oz) tuna in oil\n- 1.5 cups chopped olives\n- 6 cloves garlic\n- 3 cups cherry tomatoes"
"I am making fresh gnocchi. The recipe calls for Russet potatoes. Can I use waxy potatoes like Red Bliss or Yukon Gold?","substitution_validation","{ ""valid"": false, ""explanation"": ""It is not recommended. Russet potatoes are starchy and dry, which is ideal for creating light, fluffy gnocchi. Waxy potatoes have a higher moisture content, which would require you to add much more flour, resulting in dense, heavy, and gummy gnocchi."" }"
"I'm making Pasta alla Puttanesca. I have tomatoes, olives, capers, and garlic. The flavor is good, but it's missing a key salty/briny element. What did I omit?","missing_ingredient_identification","You omitted the **anchovy fillets**. They are essential to a traditional Puttanesca, as they melt into the sauce and provide a deep umami and savory flavor."
"Please scale this recipe for a creamy chicken and broccoli pasta for 4 people up to 10 people.\n\nIngredients for 4 servings:\n- 1 lb pasta\n- 2 chicken breasts\n- 1 head of broccoli\n- 2 cups heavy cream","recipe_scaling","Ingredients for 10 servings:\n- 2.5 lbs pasta\n- 5 chicken breasts\n- 2.5 heads of broccoli\n- 5 cups heavy cream"
"I am making a lasagna. Can I use no-boil lasagna sheets interchangeably with regular lasagna sheets that require boiling?","substitution_validation","{ ""valid"": false, ""explanation"": ""They are not directly interchangeable. No-boil sheets are thinner and are designed to absorb liquid from the sauce to cook. To use them successfully, you must ensure your sauces are slightly more liquid than usual. Using them in a dry recipe will result in crunchy, undercooked noodles."" }"
"My pasta dish with Italian sausage and peppers tastes good, but a bit one-dimensional. What herb is commonly used to add a fresh, aromatic finish?","missing_ingredient_identification","You are likely missing fresh **basil** or **parsley**. A handful of chopped fresh herbs stirred in at the end can dramatically brighten and elevate the dish."
"Please scale down this recipe for a large pot of Pasta e Fagioli for 12 people to serve 3.\n\nIngredients for 12 servings:\n- 1 lb ditalini pasta\n- 4 cans cannellini beans\n- 8 cups chicken broth\n- 2 large carrots","recipe_scaling","Ingredients for 3 servings:\n- 1/4 lb ditalini pasta\n- 1 can cannellini beans\n- 2 cups chicken broth\n- 1/2 of a large carrot"
"I'm making a butter-based sauce, and the recipe says to 'emulsify' it with pasta water. Can I just use regular tap water?","substitution_validation","{ ""valid"": false, ""explanation"": ""No, regular water will not work. The key to emulsifying the sauce is the **starch** released from the pasta into the cooking water. This starch acts as a binder, allowing the fat (butter/oil) and water to combine into a creamy, non-greasy sauce."" }"
"I'm making a pesto, but I'm allergic to pine nuts. What is another type of nut I can use to achieve a similar creamy texture?","missing_ingredient_identification","You can use **cashews** or **walnuts**. Walnuts will provide a more earthy flavor, while cashews (when soaked) can provide an even creamier, milder texture than the original pine nuts."
"Please scale up this recipe for a simple Pasta e Ceci (chickpeas) for 2 people to serve 6.\n\nIngredients for 2 servings:\n- 1/2 cup small pasta\n- 1 can (15oz) chickpeas\n- 2 cups vegetable broth\n- 1 clove garlic","recipe_scaling","Ingredients for 6 servings:\n- 1.5 cups small pasta\n- 3 cans (15oz) chickpeas\n- 6 cups vegetable broth\n- 3 cloves garlic"
"I'm making a classic Bolognese. The recipe says to add a cup of whole milk and let it reduce. Can I use heavy cream to make it richer?","substitution_validation","{ ""valid"": false, ""explanation"": ""While it would make the sauce rich, it's not a traditional or recommended substitution. The milk is used to tenderize the meat and add a subtle sweetness. Heavy cream has a much higher fat content which would result in a greasy sauce with a different final texture."" }"
"My pasta sauce is too acidic from the tomatoes. I've already salted it. What can I add to balance the flavor?","missing_ingredient_identification","You can add a small amount of **sugar** or a rich fat like **butter**. A pinch of sugar will directly counteract the acidity. A tablespoon of butter will add richness and mellow out the sharp acidic flavor."
"Please scale this recipe for a lemon and ricotta pasta sauce from 4 servings down to a single serving.\n\nIngredients for 4 servings:\n- 1 lb pasta\n- 1.5 cups whole-milk ricotta\n- 1 whole lemon (zest and juice)\n- 1/2 cup grated Parmesan","recipe_scaling","Ingredients for 1 serving:\n- 1/4 lb pasta\n- 6 tbsp whole-milk ricotta\n- 1/4 of a lemon (zest and juice)\n- 2 tbsp grated Parmesan"
"I am making a Sicilian pasta dish that calls for 'bottarga' to be grated on top. Can I use grated Parmesan cheese instead?","substitution_validation","{ ""valid"": false, ""explanation"": ""No, they are not interchangeable. Bottarga is cured fish roe with a unique, intensely savory, and briny flavor. Parmesan is a hard cheese with a nutty, salty flavor. Substituting it would completely change the dish from a sea-based flavor to a dairy-based one."" }"
"I am making a white clam sauce (Spaghetti alle Vongole in Bianco). I have clams, wine, garlic, and parsley. What ingredient can I add to give the sauce a little kick?","missing_ingredient_identification","You can add a pinch of **red pepper flakes** (peperoncino). A little bit of heat is a classic addition that beautifully complements the briny clams and garlic."
"Please scale this recipe for a spicy Arrabbiata sauce for 4 people up to 12 people.\n\nIngredients for 4 servings:\n- 1 (28oz) can crushed tomatoes\n- 6 cloves garlic\n- 2 tsp red pepper flakes\n- 1/2 cup fresh basil","recipe_scaling","Ingredients for 12 servings:\n- 3 (28oz) cans crushed tomatoes\n- 18 cloves garlic\n- 6 tsp (2 tbsp) red pepper flakes\n- 1.5 cups fresh basil"
"I'm making a lasagna and have run out of mozzarella for the top layer. Can I use shredded provolone instead?","substitution_validation","{ ""valid"": true, ""explanation"": ""Yes, provolone is an excellent substitute for mozzarella on lasagna. It melts beautifully and will provide a slightly sharper, more piquant flavor than mild mozzarella."" }"
"My carbonara is a bit bland. I used pancetta, eggs, and Parmesan. What traditional ingredient would add more depth and funk?","missing_ingredient_identification","You used Parmesan instead of the traditional **Pecorino Romano** cheese, and pancetta instead of **guanciale**. Pecorino is sharper and saltier, and guanciale has a more complex, funky, cured flavor than pancetta, both of which would add significant depth."
"Please scale this recipe for a cold soba noodle salad for 2 people up to 8 people.\n\nIngredients for 2 servings:\n- 6 oz soba noodles\n- 1/4 cup soy sauce\n- 2 tbsp rice vinegar\n- 1 tbsp sesame oil","recipe_scaling","Ingredients for 8 servings:\n- 24 oz (1.5 lbs) soba noodles\n- 1 cup soy sauce\n- 1/2 cup rice vinegar\n- 1/4 cup sesame oil"
"I'm making fresh pasta and the recipe calls for a whole egg. Can I use only egg yolks to make the dough richer?","substitution_validation","{ ""valid"": true, ""explanation"": ""Yes, you can use only egg yolks. This will create an exceptionally rich, tender, and deeply yellow pasta dough. You may need to add a small amount of water or olive oil to get the dough to come together, as you've removed the water content from the egg whites."" }"
"I am making pasta with a simple sauce of cherry tomatoes and garlic. The sauce tastes fine, but it's not clinging to the spaghetti. What did I forget to do?","missing_ingredient_identification","You likely forgot to finish cooking the pasta **in the sauce** with a splash of **pasta water**. Tossing the al dente pasta directly into the sauce pan with some of its cooking water for the final minute allows the starch to bind the sauce to the pasta."
"Please scale this recipe for a simple pesto-cream sauce for 4 people down to 2 people.\n\nIngredients for 4 servings:\n- 1 cup heavy cream\n- 1/2 cup prepared pesto\n- 1/2 cup grated Parmesan","recipe_scaling","Ingredients for 2 servings:\n- 1/2 cup heavy cream\n- 1/4 cup prepared pesto\n- 1/4 cup grated Parmesan"
"I'm making a pasta dish that calls for anchovy paste. I only have whole anchovy fillets in oil. Can I use them?","substitution_validation","{ ""valid"": true, ""explanation"": ""Yes, you can absolutely use whole anchovy fillets. Simply mince them with a knife until they form a paste-like consistency. Two anchovy fillets are roughly equivalent to one teaspoon of anchovy paste."" }"
"I am making a Roman-style tripe and tomato sauce to serve with rigatoni. I have tripe, tomatoes, and soffritto. What herb is essential to this dish for its unique, minty aroma?","missing_ingredient_identification","You are missing wild **mint** (mentuccia). It is the signature herb in this Roman dish, providing a fresh counterpoint to the rich tripe and tomato sauce."
"Please scale this recipe for a simple ragu for 6 people up to a large batch for 18 people.\n\nIngredients for 6 servings:\n- 1.5 lbs ground beef\n- 1 large onion\n- 1 cup red wine\n- 2 (28oz) cans tomatoes","recipe_scaling","Ingredients for 18 servings:\n- 4.5 lbs ground beef\n- 3 large onions\n- 3 cups red wine\n- 6 (28oz) cans tomatoes"
"A recipe for a pasta sauce requires a 'pinch of saffron'. I don't have any. Can I use turmeric for a similar flavor?","substitution_validation","{ ""valid"": false, ""explanation"": ""No, this is not a good substitution for flavor. Turmeric will provide a similar yellow color, but its flavor is earthy and pungent, whereas saffron has a unique floral and honey-like taste. The flavor profiles are completely different."" }"
"My pasta dough is too sticky and difficult to handle. I used the correct ratio of flour and eggs. What did I forget to use on my hands and work surface?","missing_ingredient_identification","You forgot to use a light dusting of **flour** or **semolina**. A small amount of flour on your hands and the work surface prevents the sticky dough from adhering, making it much easier to knead and roll."
"Please scale down this recipe for a pasta frittata (using leftover pasta) for 8 people to 2 people.\n\nIngredients for 8 servings:\n- 1 lb leftover spaghetti\n- 12 eggs\n- 2 cups shredded cheese\n- 1 cup milk","recipe_scaling","Ingredients for 2 servings:\n- 1/4 lb leftover spaghetti\n- 3 eggs\n- 1/2 cup shredded cheese\n- 1/4 cup milk"
"I'm making Pad Thai, and the recipe calls for rice noodles. Can I use regular Italian spaghetti?","substitution_validation","{ ""valid"": false, ""explanation"": ""No, this substitution would not work well. Rice noodles are gluten-free and have a distinct chewy texture that absorbs the sauce differently. Wheat-based spaghetti has a completely different texture and flavor that is not suitable for Pad Thai."" }"
"I'm making a pasta dish with asparagus. I have the pasta and asparagus spears. What salty, savory ingredient is often shaved over the top to finish the dish?","missing_ingredient_identification","You are likely missing shaved **Parmigiano-Reggiano** or **Pecorino** cheese. Its salty, nutty flavor provides a perfect savory counterpoint to the fresh, green taste of asparagus."
"Please scale this recipe for a clam sauce for 2 lbs of linguine down to 0.5 lbs of linguine.\n\nIngredients for 2 lbs linguine:\n- 4 lbs fresh clams\n- 1.5 cups white wine\n- 1 head of garlic, sliced\n- 1 bunch of parsley","recipe_scaling","Ingredients for 0.5 lbs linguine:\n- 1 lb fresh clams\n- 6 tbsp white wine\n- 1/4 head of garlic (3-4 cloves), sliced\n- 1/4 bunch of parsley"
"My Bolognese recipe says to add a parmesan rind to the sauce while it simmers. Can I just add more grated parmesan at the end instead?","substitution_validation","{ ""valid"": false, ""explanation"": ""While adding grated parmesan at the end is delicious, it's not a substitute for simmering with the rind. The rind doesn't melt; it slowly releases a deep, savory, umami flavor into the sauce over a long cooking time, which you cannot replicate by adding cheese at the end."" }"
"I'm making a pasta dish that calls for a gremolata topping. I have chopped parsley and garlic. What is the third, essential ingredient for a classic gremolata?","missing_ingredient_identification","You are missing **lemon zest**. A classic gremolata is a mixture of fresh parsley, garlic, and lemon zest, which provides a bright, aromatic, and zesty finish to rich dishes."
"Please scale this simple broccoli and anchovy pasta sauce for 4 people up to 10 people.\n\nIngredients for 4 servings:\n- 1 large head of broccoli\n- 6 anchovy fillets\n- 4 cloves of garlic","recipe_scaling","Ingredients for 10 servings:\n- 2.5 large heads of broccoli\n- 15 anchovy fillets\n- 10 cloves of garlic"
"I am making a baked pasta dish that calls for fontina cheese for its melting quality. Can I use feta cheese instead?","substitution_validation","{ ""valid"": false, ""explanation"": ""No, feta is not a good substitute for fontina in a baked dish. Fontina is a semi-soft cheese that melts smoothly and becomes creamy. Feta is a brined cheese that does not melt well; it will become soft but remain crumbly and will be intensely salty."" }"
"My pasta sauce is rich, but it lacks a 'meaty,' savory depth. I've used tomatoes, onion, and garlic. What concentrated, umami-rich ingredient in a tube could I add?","missing_ingredient_identification","You could add **tomato paste** or **anchovy paste**. Tomato paste adds concentrated tomato flavor, while anchovy paste dissolves and adds a deep, savory (umami) complexity without tasting fishy."
"Please scale this recipe for pasta with lentils for 8 people down to 2 people.\n\nIngredients for 8 servings:\n- 1 lb short pasta\n- 2 cups brown lentils\n- 8 cups vegetable broth\n- 2 carrots, diced","recipe_scaling","Ingredients for 2 servings:\n- 1/4 lb short pasta\n- 1/2 cup brown lentils\n- 2 cups vegetable broth\n- 1/2 carrot, diced"
"I'm making a carbonara-style dish with asparagus. The recipe calls for egg yolks to make the sauce creamy. Can I use a cornstarch slurry (cornstarch and water) to create a creamy sauce instead?","substitution_validation","{ ""valid"": false, ""explanation"": ""No, this would fundamentally change the dish. The creaminess in a carbonara comes from the rich flavor and emulsifying properties of egg yolk and cheese. A cornstarch slurry would create a thickened, glossy sauce, but it would lack the flavor and richness of the original, resulting in a bland, starchy coating."" }"
"I'm making a simple pasta with sundried tomatoes and garlic. The flavor is intense but feels like it's missing a fresh element. What herb is commonly paired with sundried tomatoes?","missing_ingredient_identification","You are likely missing fresh **basil**. Its sweet, peppery flavor is a classic pairing that cuts through the intense, concentrated flavor of the sundried tomatoes."
"Please scale this recipe for a large batch of fresh cavatelli dough for 10 people down to 2 people.\n\nIngredients for 10 servings:\n- 5 cups semolina flour\n- 2.5 cups warm water\n- 2 tsp salt","recipe_scaling","Ingredients for 2 servings:\n- 1 cup semolina flour\n- 1/2 cup warm water\n- 1/2 tsp salt (a generous pinch)"
"I'm making a pesto and the recipe calls for walnuts. I only have pecans. Can I substitute them?","substitution_validation","{ ""valid"": true, ""explanation"": ""Yes, pecans can be a delicious substitute for walnuts in pesto. They are slightly sweeter and have a more buttery flavor, which will create a very rich and interesting variation of the sauce."" }"
"I am making a traditional lasagna. My meat sauce is perfect, but I don't have the ingredients for a béchamel. What Italian cheese is used to make the creamy layers instead?","missing_ingredient_identification","You can use **ricotta cheese**. In many Italian-American and Southern Italian lasagnas, ricotta is mixed with egg and parsley to form the creamy layers instead of a béchamel sauce."
"Please scale this recipe for pasta with a spicy crab sauce from 4 servings up to 10 servings.\n\nIngredients for 4 servings:\n- 1 lb pasta\n- 1 lb crabmeat\n- 1 (28oz) can of tomatoes\n- 1 cup white wine","recipe_scaling","Ingredients for 10 servings:\n- 2.5 lbs pasta\n- 2.5 lbs crabmeat\n- 2.5 (28oz) cans of tomatoes (70oz)\n- 2.5 cups white wine"
"I'm making a hearty mushroom ragu. The recipe calls for a mix of mushrooms like cremini and shiitake. Can I use only white button mushrooms?","substitution_validation","{ ""valid"": true, ""explanation"": ""Yes, you can use only white button mushrooms, but the flavor of your ragu will be much less complex and deep. Cremini and shiitake mushrooms provide a meatier texture and earthier, more savory flavors that are key to a rich ragu."" }"
"I've made a Cacio e Pepe, but my cheese has clumped into a solid mass instead of a creamy sauce. What did I likely do wrong?","missing_ingredient_identification","Your pan was likely **too hot**. The cheese should be tossed with the pasta and starchy water off the heat or on very low heat. High heat will cause the proteins in the cheese to tighten and clump instantly."
"Please scale this recipe for a roasted red pepper pasta sauce from 2 lbs of peppers down to 0.5 lbs of peppers.\n\nIngredients for 2 lbs peppers:\n- 2 lbs red bell peppers\n- 1/2 cup olive oil\n- 1 head of garlic","recipe_scaling","Ingredients for 0.5 lbs peppers:\n- 0.5 lbs red bell peppers\n- 2 tbsp olive oil\n- 1/4 head of garlic (3-4 cloves)"
"For a traditional Bolognese sauce, what is the minimum number of hours it should simmer to develop deep flavor?","time","3"
"What is the ideal oven temperature in Celsius for baking a classic lasagna until bubbly and cooked through?","temperature","190"
"As a 'primo piatto' (first course) in Italy, how many grams of dry pasta is a typical serving size per person?","quantity_ingredient","80"
"How many minutes should you render 100g of diced guanciale over medium-low heat until it is crisp for a carbonara?","time","15"
"What is the ideal internal temperature in Fahrenheit a baked manicotti should reach to be considered safely cooked?","temperature","165"
"How many large egg yolks are typically used to make a rich, fresh pasta dough with 100 grams of '00' flour?","quantity_ingredient","2"
"How many minutes should you cook very thin pasta like capellini (angel hair) in boiling water?","time","3"
"To properly cook out the raw flour taste in a béchamel sauce for lasagna, it should be held at a simmer for at least how many minutes?","time","5"
"What is the standard temperature in Fahrenheit for deep-frying breaded ravioli until golden brown?","temperature","350"
"How many grams of Parmigiano-Reggiano cheese are needed to produce approximately 1 cup of finely grated cheese?","quantity_ingredient","100"
"How many minutes should you sauté a soffritto (onion, carrot, celery) for a ragu until it's soft and fragrant?","time","20"
"For an authentic Pesto alla Genovese serving 4, what is the typical number of garlic cloves used?","quantity_ingredient","2"
"What is the ideal temperature in Celsius for resting fresh pasta dough to relax the gluten?","temperature","21"
"How long in seconds should you toast black peppercorns in a dry pan for Cacio e Pepe to release their aroma?","time","45"
"How many anchovy fillets are typically used in a Puttanesca sauce that serves two people?","quantity_ingredient","4"
"After baking, a lasagna should rest for a minimum of how many minutes before slicing to ensure it holds its shape?","time","15"
"What is the ideal temperature in Fahrenheit for serving a cold pasta salad?","temperature","40"
"How many tablespoons of extra virgin olive oil are used per 100g of pasta for a simple Aglio e Olio?","quantity_ingredient","2"
"How long should fresh gnocchi be cooked after they float to the surface of the boiling water, in minutes?","time","1"
"What is the oven temperature in Celsius for the final stage of baking a pasta al forno to get a crispy cheese crust?","temperature","220"
"How many sheets of fresh lasagna are typically needed for a 5-layer, 9x13 inch lasagna?","quantity_ingredient","15"
"How many minutes should you boil fresh spinach before squeezing and adding it to a ricotta filling for ravioli?","time","1"
"For a classic 'Soffritto', the ratio of onion to carrot to celery is typically 2:1:1. If you use 200g of onion, how many grams of celery should you use?","quantity_ingredient","100"
"What is the maximum temperature in Celsius that an egg-based carbonara sauce should reach to avoid scrambling?","temperature","82"
"How many hours should a slow-cooker bolognese be cooked on low?","time","8"
"How many grams of fine sea salt are typically added to a fresh pasta dough recipe using 400g of flour?","quantity_ingredient","5"
"After adding pasta to boiling water, the temperature drops. How many minutes does it typically take to return to a full boil?","time","2"
"What is the standard water to '00' flour ratio by weight for an eggless pasta dough? Answer with the water part if flour is 2 parts.","quantity_ingredient","1"
"How many minutes should stuffed shells bake in a 190°C (375°F) oven?","time","30"
"What is the temperature in Fahrenheit for keeping a finished pasta sauce warm for service without overcooking it?","temperature","160"
"How many milliliters of white wine are used to deglaze a pan for a Vongole sauce for two people?","quantity_ingredient","100"
"How long, in days, can a fresh, uncooked egg pasta be stored in the refrigerator?","time","2"
"How many grams of basil are in a standard grocery store clamshell package, enough for a small batch of pesto?","quantity_ingredient","28"
"What temperature in Celsius should the water be for washing fresh clams to encourage them to expel sand?","temperature","15"
"How many minutes should you cook dried cannelloni tubes before stuffing and baking them?","time","5"
"For a spicy Arrabbiata sauce, how many whole dried peperoncini are typically used for a 4-person serving?","quantity_ingredient","3"
"What is the oven temperature in Fahrenheit used to slowly dry out fresh pasta until it is shelf-stable?","temperature","130"
"How many minutes does it take for a frozen lasagna to cook in a microwave?","time","12"
"How many grams of ricotta are used to fill one large cannolo shell for a savory pasta dish?","quantity_ingredient","50"
"What is the minimum percentage of egg yolk by weight for a dough to be considered a rich 'pasta gialla'?","quantity_ingredient","30"
"How many hours should you let a fully assembled, unbaked lasagna rest in the fridge before baking for better flavor melding?","time","12"
"How many tablespoons of capers are typically added to a Puttanesca sauce for four people?","quantity_ingredient","2"
"What is the ideal temperature in Celsius for proofing a yeast-based pasta dough, like for a fried pizza 'montanara'?","temperature","27"
"How many minutes should you boil a fresh lobster before removing the meat for a lobster pasta dish?","time","8"
"How many grams of 'nduja, a spicy spreadable salami, are needed to flavor a pasta dish for two?","quantity_ingredient","40"
"How long should you let pasta cool before adding it to a mayonnaise-based pasta salad, in minutes?","time","20"
"What temperature in Fahrenheit should oil be for pan-frying gnocchi after boiling?","temperature","375"
"How many grams of pine nuts are in a standard 1/2 cup measure for making pesto?","quantity_ingredient","70"
"How many hours should a Genovese meat sauce (not to be confused with pesto) simmer for?","time","4"
"What is the ideal water temperature in Fahrenheit for soaking dried porcini mushrooms for a pasta sauce?","temperature","180"
"I'm making Pasta con le Sarde. I have sardines, pasta, and pine nuts. What is the wild, licorice-flavored herb essential to this Sicilian dish?","missing_ingredient_identification","You are missing wild **fennel**. Its fresh fronds and tender stems provide the signature aromatic flavor of the dish."
"A recipe for Pizzoccheri, a buckwheat pasta dish, calls for Valtellina Casera cheese. Can I use a mix of Gruyère and Parmesan instead?","substitution_validation","{ ""valid"": true, ""explanation"": ""Yes, a mix of Gruyère and Parmesan is a good substitute. It will mimic the melting quality of Gruyère and the nutty, salty flavor of Parmesan, approximating the profile of Valtellina Casera."" }"
"Please scale this recipe for 'pangrattato' (crispy breadcrumbs) from a topping for 2 people up to a topping for 8.\n\nIngredients for 2 servings:\n- 1/2 cup coarse breadcrumbs\n- 2 tbsp olive oil\n- 1 clove garlic","recipe_scaling","Ingredients for 8 servings:\n- 2 cups coarse breadcrumbs\n- 1/2 cup olive oil\n- 4 cloves garlic"
"What is the ideal internal temperature in Celsius that a baked cannelloni filled with ricotta and spinach should reach?","temperature","75"
"How many grams of buckwheat flour are typically mixed with 100g of '00' flour to make traditional Pizzoccheri pasta?","quantity_ingredient","400"
"How many minutes should a simple tomato sauce be simmered to reduce by about a quarter and thicken?","time","25"
"My pasta dough made with 100% whole wheat flour is very tough. What ingredient am I missing to soften the texture?","missing_ingredient_identification","You are likely missing a higher ratio of **fat** or **liquid**, like an extra egg yolk or a tablespoon of olive oil. Whole wheat flour absorbs more moisture and has a coarser texture, so it requires more enrichment to become tender."
"I'm making a fresh spinach pasta dough. The recipe calls for blanched, squeezed spinach. Can I use raw, finely chopped spinach instead?","substitution_validation","{ ""valid"": false, ""explanation"": ""No, this is not a good substitution. Raw spinach contains a high amount of water that will be released during kneading and resting, making your dough wet and sticky. Blanching and squeezing removes this excess water."" }"
"Please scale this recipe for a simple aglio, olio e peperoncino from 2 servings up to 5 servings.\n\nIngredients for 2 servings:\n- 200g spaghetti\n- 4 cloves garlic\n- 4 tbsp olive oil\n- 1 peperoncino (chili)","recipe_scaling","Ingredients for 5 servings:\n- 500g spaghetti\n- 10 cloves garlic\n- 10 tbsp olive oil\n- 2-3 peperoncini (chili)"
"What is the minimum number of saffron threads needed to infuse a pasta sauce for 4 people with distinct color and aroma?","quantity_ingredient","20"
"How many minutes should a filled and sealed fresh raviolo be boiled?","time","4"
"What is the temperature in Fahrenheit for a 'slow and low' oven to braise a tough meat ragu for several hours?","temperature","300"
"I am making a béchamel sauce, but I am lactose intolerant. Can I use unsweetened almond milk instead of regular milk?","substitution_validation","{ ""valid"": true, ""explanation"": ""Yes, you can use unsweetened almond milk, but the resulting béchamel will be thinner and have a less rich, slightly nutty flavor. You may need to use a bit more roux (butter and flour) to achieve the desired thickness."" }"
"My pasta dish with clams has a gritty texture. I washed the clams in cold water. What ingredient did I forget to add to the water to help the clams purge their sand?","missing_ingredient_identification","You forgot to add **salt** or **cornmeal** to the water. Soaking clams in salted water for about an hour mimics their natural environment and encourages them to filter out any internal sand."
"Please scale the filling for 50 small ravioli down to make just 20.\n\nIngredients for 50 ravioli:\n- 2 cups ricotta cheese\n- 1 cup grated Parmesan\n- 1 egg","recipe_scaling","Ingredients for 20 ravioli:\n- 0.8 cups ricotta cheese (approx. 4/5 cup)\n- 0.4 cups grated Parmesan (approx. 2/5 cup)\n- 1 egg yolk (or half a beaten egg)"
"How many potatoes (by weight, in grams) are needed to make a batch of gnocchi for 4 people?","quantity_ingredient","1000"
"After making gnocchi dough, how many minutes should it rest before you roll and cut it?","time","10"
"What is the ideal temperature in Celsius for serving a room-temperature pasta dish, like a Sicilian pasta with pesto and green beans?","temperature","22"
"My recipe for Pasta alla Zozzona (a rich Roman dish) calls for both guanciale and Italian sausage. Can I use only guanciale?","substitution_validation","{ ""valid"": true, ""explanation"": ""Yes, you can use only guanciale. The dish will still be delicious and very rich, essentially becoming a classic Carbonara. You will miss the fennel and herb notes from the sausage that makes the 'Zozzona' unique."" }"
"I am making Calamarata pasta with a calamari and tomato sauce. The calamari rings came out tough and rubbery. What was my likely cooking time error?","missing_ingredient_identification","You likely had a **cooking time** error. Calamari must be cooked either very quickly (for 1-2 minutes) to remain tender, or for a long time (over 30 minutes) to break down its connective tissues. Anything in between will result in a tough, rubbery texture."
"Please scale this recipe for a lentil ragu for 4 people up to a large batch for 12 people.\n\nIngredients for 4 servings:\n- 1 cup brown lentils\n- 1 (28oz) can tomatoes\n- 4 cups vegetable broth","recipe_scaling","Ingredients for 12 servings:\n- 3 cups brown lentils\n- 3 (28oz) cans tomatoes\n- 12 cups vegetable broth"
"How many tablespoons of capers should be used for a Chicken Piccata sauce served over angel hair pasta for four people?","quantity_ingredient","3"
"How many minutes should you let a béchamel sauce cool before stirring in cheese to prevent it from becoming grainy?","time","5"
"What is the highest temperature in Fahrenheit a home oven can typically reach, used for making pizza on a stone?","temperature","550"
"I'm making a pasta sauce that calls for dry Marsala wine. Can I use a dry white wine like Sauvignon Blanc instead?","substitution_validation","{ ""valid"": true, ""explanation"": ""Yes, you can substitute a dry white wine. However, Marsala has a deeper, more complex, and slightly nutty flavor. The Sauvignon Blanc will contribute acidity and a brighter, more herbal note."" }"
"I am making a simple pasta dish with browned butter. The butter foamed up but then turned black and smelled burnt. What did I fail to add to stop the cooking process?","missing_ingredient_identification","You failed to add a **cooler ingredient** at the right moment. Once the butter is browned and nutty, you should immediately add your herbs (like sage), a splash of pasta water, or the pasta itself to the pan to stop the browning process before it burns."
"Please scale this cold pasta salad vinaigrette recipe from 1 cup up to 4 cups.\n\nIngredients for 1 cup vinaigrette:\n- 3/4 cup olive oil\n- 1/4 cup white wine vinegar\n- 1 tbsp Dijon mustard","recipe_scaling","Ingredients for 4 cups vinaigrette:\n- 3 cups olive oil\n- 1 cup white wine vinegar\n- 1/4 cup Dijon mustard"
"How many grams of salt are typically in one tablespoon of kosher salt, used for seasoning pasta water?","quantity_ingredient","15"
"What is the maximum time in minutes that pasta should be held in an ice bath to stop the cooking process for a pasta salad?","time","1"
"What is the ideal temperature in Celsius of the water used to make a semolina and water pasta dough?","temperature","40"
"A recipe for baked cannelloni calls for a topping of Parmigiano-Reggiano. I only have Pecorino Romano. Will this be a good substitute?","substitution_validation","{ ""valid"": true, ""explanation"": ""Yes, Pecorino Romano is a good substitute, but be aware that it is significantly saltier and sharper than Parmigiano. You may want to slightly reduce the salt in your filling or sauce to compensate."" }"
"I'm making a pasta dish where the sauce is a simple emulsion of butter and pasta water ('al burro'). My sauce is greasy. What key step did I likely miss?","missing_ingredient_identification","You likely missed the step of **vigorously whisking or tossing** the pasta, butter, and water together. This agitation is crucial for creating a stable emulsion, where the starch from the water binds the fat and water together into a creamy sauce."
"Please scale this recipe for a roasted tomato sauce from 2 lbs of cherry tomatoes down to 1 lb.\n\nIngredients for 2 lbs of tomatoes:\n- 2 lbs cherry tomatoes\n- 1/2 cup olive oil\n- 1 entire head of garlic","recipe_scaling","Ingredients for 1 lb of tomatoes:\n- 1 lb cherry tomatoes\n- 1/4 cup olive oil\n- 1/2 head of garlic"
"How many grams of 'nduja (spicy spreadable sausage) are needed to make a fiery sauce for 500g of pasta?","quantity_ingredient","100"
"How many minutes should you cook broccoli rabe in boiling salted water before adding it to a pasta dish?","time","3"
"What is the minimum temperature in Fahrenheit that leftovers, including pasta dishes, should be reheated to?","temperature","165"
"I am making a simple sauce with cherry tomatoes. The recipe says to sauté them until they 'burst'. Can I use diced canned tomatoes and achieve the same effect?","substitution_validation","{ ""valid"": false, ""explanation"": ""No, you cannot achieve the same effect. The 'bursting' of cherry tomatoes releases their sweet juice, which then caramelizes and forms a sauce with the skins providing texture. Canned tomatoes are already processed and will simply break down into a standard sauce."" }"
"I'm making a pasta dish with pancetta and peas ('piselli'). I have the pasta, pancetta, and peas. What aromatic is commonly sautéed with the pancetta at the beginning?","missing_ingredient_identification","You are missing **onion** or **shallots**. A finely chopped onion or shallot is typically sautéed with the pancetta to build the aromatic base of the sauce."
"Please scale this spinach and ricotta filling for a lasagna up for a much larger dish.\n\nIngredients for a 9x13 inch lasagna:\n- 32 oz ricotta cheese\n- 1 lb frozen spinach, thawed and squeezed\n- 2 eggs","recipe_scaling","Ingredients for a large hotel pan (double the size):\n- 64 oz ricotta cheese\n- 2 lbs frozen spinach, thawed and squeezed\n- 4 eggs"
"How many milliliters of heavy cream are needed to make a light, creamy sauce for 200g of pasta?","quantity_ingredient","150"
"How long in hours should a meat ragu be left to cool completely before being stored in the refrigerator?","time","2"
"What is the ideal temperature in Celsius for serving a chilled noodle dish like Japanese soba?","temperature","5"
"My recipe for fresh pasta calls for resting the dough for 30 minutes. Can I skip this step if I'm in a hurry?","substitution_validation","{ ""valid"": false, ""explanation"": ""No, you should not skip the resting step. Resting allows the gluten network developed during kneading to relax. Skipping it will result in a tough, rubbery dough that is very difficult to roll out and will not have a tender bite."" }"
"I am making a pasta dish with a vibrant green sauce made from peas and mint. I have the pasta, peas, and mint. What cheese is typically blended in to add creaminess and savory flavor?","missing_ingredient_identification","You are likely missing **ricotta** or **Pecorino** cheese. Ricotta adds a light creaminess, while Pecorino adds a sharp, salty counterpoint to the sweet peas and mint."
"Please scale this recipe for a clam sauce for one pound of linguine down to a single serving (1/4 pound).\n\nIngredients for 1 lb linguine:\n- 2 lbs fresh clams\n- 1 cup white wine\n- 6 cloves garlic","recipe_scaling","Ingredients for 1/4 lb linguine:\n- 1/2 lb fresh clams\n- 1/4 cup white wine\n- 2 cloves garlic"
"How many grams of fresh yeast are equivalent to a 7g packet of active dry yeast for a pizza dough to be served with pasta?","quantity_ingredient","21"
"How many minutes should you let wine reduce in a pan for a sauce before adding other liquids like tomatoes or broth?","time","3"
"What is the temperature in Fahrenheit of the 'smoke point' for extra virgin olive oil, which should not be exceeded when making a sauce?","temperature","375"
"I'm making a pasta topping that calls for toasted walnuts. Can I use raw, untoasted walnuts instead?","substitution_validation","{ ""valid"": true, ""explanation"": ""You can use raw walnuts, but the flavor will be significantly different. Toasting nuts releases their natural oils and deepens their flavor, making them crunchier and less bitter. The raw walnuts will have a softer, more waxy texture."" }"
"I'm making a baked pasta dish that turned out dry. I included pasta, sauce, and cheese. What creamy layer, common in baked ziti, did I likely forget?","missing_ingredient_identification","You likely forgot the **ricotta cheese mixture**. A layer of ricotta, often mixed with an egg and parsley, is a key component in many baked pasta dishes that adds moisture and a rich, creamy texture."