index_recipenlg,split
799,train
1375,test
3278,train
3581,train
4071,train
5645,train
5758,train
5861,validation
5970,train
6116,train
10557,train
11892,test
12459,validation
12589,train
13873,train
14257,train
14873,train
17759,train
18745,train
19265,train
19994,train
20208,train
21016,train
21051,train
23504,train
24657,train
25813,train
27368,train
29205,train
29330,train
30291,train
31037,train
32256,train
32433,test
32740,test
32909,validation
33604,train
34342,train
34611,train
35104,train
35608,train
36725,train
37987,train
39215,test
40035,train
40075,train
41257,train
42806,train
45460,train
46880,train
48139,test
49305,train
49410,test
49972,validation
55622,train
55907,test
57943,train
61578,train
62245,train
62688,train
63044,train
63318,train
63351,validation
65242,train
66535,train
66822,train
66963,train
68733,validation
73594,train
76262,test
77309,train
79212,train
79803,train
81667,validation
81693,train
82432,train
82660,train
83650,train
86848,train
87493,train
92150,validation
92532,train
93774,train
94634,train
97299,train
97886,train
101506,train
102051,train
102318,validation
102463,train
107440,train
108564,train
110261,train
110715,train
113015,train
113586,train
113610,train
114861,train
116154,train
117744,train
119130,train
121703,train
123039,train
123230,train
124226,test
124440,train
126274,train
128121,train
129299,train
131199,train
133337,train
133510,train
133742,test
135298,validation
136720,train
137426,validation
138459,validation
138580,train
139157,validation
140118,train
140619,validation
141452,validation
142385,train
143570,train
144561,train
145495,train
147323,validation
148232,validation
150003,train
152292,train
152936,train
153128,train
154162,train
155756,train
156742,test
157218,train
158102,train
160245,train
161403,train
161542,test
162143,test
162843,train
163617,train
163956,train
164323,train
164901,train
165847,train
166173,train
169271,train
170400,train
171260,test
172631,train
173022,train
173341,train
174656,test
174943,train
175428,train
178366,train
178760,train
180139,train
180729,train
182310,train
183781,train
184275,train
186804,train
187029,validation
188590,train
188644,train
188924,train
189164,train
190754,train
190855,train
195138,train
196373,train
196731,train
199494,train
203238,train
204057,train
206274,test
206551,train
207290,train
212756,train
214378,test
215359,validation
216324,train
216462,train
217931,validation
218063,train
222254,train
222882,train
223680,train
224272,validation
227246,test
229088,train
231302,train
231332,train
232449,train
232612,validation
233474,validation
235639,train
235994,train
236836,train
237753,train
238081,validation
238538,train
240233,train
241895,train
242186,train
244258,train
244430,train
246017,train
246566,train
247009,train
247847,train
248395,train
248905,train
252018,train
256029,train
256187,train
256601,validation
258325,train
258679,train
260716,train
262495,train
266562,train
271303,train
275995,test
276039,train
277270,validation
277370,train
278070,train
278961,train
279868,train
280365,train
280614,train
282600,train
284911,train
284972,train
286468,train
286479,train
287332,test
287804,test
288119,test
288426,train
288541,train
289323,test
290393,train
293033,test
294426,test
294980,validation
295799,train
297317,train
300023,validation
300299,train
301496,train
302280,train
302624,test
302928,train
304477,train
306073,train
306806,train
307857,test
308116,train
308258,train
309853,validation
310534,train
312309,train
313121,train
313880,train
314975,train
315516,validation
315835,validation
317031,validation
317717,test
318953,train
319981,train
321297,train
321335,train
321397,train
322994,train
326063,validation
326416,train
327316,train
329565,train
329701,train
330560,train
331949,train
335159,train
335679,train
342928,train
344793,train
347363,train
348544,validation
349018,train
349394,train
352264,train
353371,train
353598,train
356052,train
356970,train
357305,train
359278,train
359717,train
362561,train
362731,train
363508,test
363582,train
364198,train
365954,train
366785,train
369505,train
369738,train
370899,train
370957,test
375445,validation
377723,train
378108,train
378330,train
378862,train
379761,train
381560,train
382156,train
382462,train
383435,train
387317,test
388523,train
392023,train
393224,train
394649,train
395100,train
395136,train
395442,train
396266,train
397275,train
398567,train
399261,train
399871,validation
400203,train
401456,train
401591,train
402415,train
402511,train
405317,train
407061,train
409704,train
411010,train
412247,train
412501,train
414021,train
416233,train
416247,train
416333,validation
416862,train
417072,train
418780,train
419592,train
420066,train
421044,train
421352,test
422477,train
422931,train
423046,train
423371,train
423945,train
426390,test
431137,train
431722,test
432140,test
433605,train
433756,train
437871,train
439421,train
440451,train
442325,train
442991,train
444568,train
445050,validation
445560,train
445582,validation
447737,train
447946,train
448138,train
452277,train
453767,validation
453813,train
459333,validation
460125,train
460491,train
461344,train
461677,validation
461780,test
461897,train
464712,train
465167,train
468480,train
469800,test
471207,validation
474125,train
477736,train
479090,train
479896,train
483530,test
485406,train
489354,validation
489531,train
492400,validation
493089,train
493215,train
500587,test
501107,train
501644,train
503081,test
504986,test
509199,train
509410,train
509470,train
511349,train
511677,train
513541,train
515327,train
518015,train
520409,train
527031,train
527077,train
527534,train
528155,train
528972,train
534782,validation
535348,train
536661,train
537936,train
540942,train
541377,train
546675,train
546823,train
547393,train
549652,train
553270,validation
555274,train
555529,train
556574,train
560599,test
561244,train
563669,train
565139,validation
567219,test
568046,test
568284,train
569064,train
569697,train
570328,train
571623,train
573649,train
574586,test
576639,train
578535,train
579145,train
582888,train
585609,train
585956,train
586208,train
587579,train
587795,train
588703,train
590041,test
590925,train
591989,train
593275,validation
594525,train
595849,test
596561,train
597896,test
597989,train
602592,validation
603108,train
603824,test
604077,train
604249,train
604459,test
604622,train
604911,train
605086,train
606373,train
606744,train
607163,train
608617,test
609492,train
610803,train
611635,test
612154,validation
613017,train
614397,train
617229,train
618350,train
619339,train
621249,train
623286,train
625898,train
626517,test
629311,test
631147,train
632375,train
633750,train
634993,validation
635672,train
636262,train
638851,test
642800,validation
642981,test
643966,train
645257,train
646534,train
646820,test
646884,validation
647526,train
648856,train
658572,train
658972,validation
661138,test
664332,train
664401,train
665134,train
665290,test
665893,validation
667727,validation
670845,train
671248,train
672819,train
673890,train
674471,validation
675673,validation
677643,test
677919,test
678901,train
682659,train
683356,test
683786,validation
687609,train
688296,train
688432,train
688462,test
689292,train
690378,train
692801,train
694134,train
697264,train
697329,train
699198,train
699534,train
700378,train
700425,train
701315,validation
701753,train
703229,train
703949,validation
707410,train
708792,train
709173,train
710514,train
712915,train
713433,train
713687,train
718218,train
718627,train
718864,train
720084,train
720417,train
720440,train
723684,test
725909,train
728740,train
730080,train
730231,train
730519,train
731099,validation
731747,test
733571,train
734615,test
735421,train
737194,train
739424,train
742748,test
744684,train
746323,train
747014,train
748786,train
750054,train
750705,train
751227,train
752452,train
755379,train
757297,train
758740,train
761229,train
761824,validation
762019,train
762429,train
763267,train
763800,train
766307,train
766966,train
771978,train
772352,train
773580,train
773841,train
779016,train
779336,train
784411,train
784417,train
785265,train
786997,train
787350,train
789390,train
789998,train
790310,validation
791199,test
793318,train
793842,train
794517,validation
796562,train
797622,train
798190,train
800144,train
800739,train
802295,train
803455,train
804227,train
804841,train
807862,train
808212,train
808518,train
811188,validation
813802,train
815058,train
816697,train
816789,train
817584,train
817698,train
818595,train
819228,train
821087,train
822351,train
824014,train
825221,train
826773,train
829929,validation
831149,train
831460,train
832153,train
838878,train
844417,train
846390,train
847049,train
848673,train
848714,train
850882,train
851513,train
852026,train
852719,train
854552,train
854655,train
857149,test
857187,train
859177,train
860026,train
860794,train
862587,train
863271,train
863853,train
864299,train
864599,train
865024,validation
865291,train
867206,train
867480,train
867911,test
867998,train
868624,train
869332,test
869568,validation
870218,validation
870665,train
871938,train
872677,train
874164,test
874550,train
875048,train
879925,train
881903,train
881963,train
882392,train
886325,train
888406,train
888428,train
890873,train
891005,train
891038,train
891071,train
891274,train
891954,train
892404,train
892421,train
893543,train
894376,train
895030,train
895119,test
895551,train
896620,validation
896648,train
896962,train
897140,train
898554,train
899216,train
899281,train
899292,train
899526,test
899527,validation
900247,test
901251,train
901468,train
901774,test
902169,train
902527,train
902538,train
902598,train
903026,validation
903859,train
904550,train
904876,train
905081,train
905218,train
905571,validation
906065,train
906333,train
906370,train
906447,validation
906554,train
906618,validation
906895,train
906985,train
907090,train
907183,train
907295,train
907777,train
907905,train
907980,validation
908411,train
908660,train
909998,test
910410,train
910825,train
911772,test
911992,train
912186,train
912296,train
912451,train
912651,train
913580,train
914717,validation
914855,train
914887,train
915200,train
915508,train
916576,train
917627,train
917734,train
918047,train
918515,validation
918812,train
918891,validation
919361,train
919547,validation
919976,train
920219,train
920720,train
921100,train
921880,train
922239,train
922302,train
922385,train
923492,train
923791,train
924614,train
925378,train
925410,train
927348,test
927676,train
927748,train
928142,train
928195,test
928788,train
929214,train
929545,train
929995,train
930364,train
930434,validation
930801,test
930901,train
930917,train
931213,test
931295,train
931660,train
931817,train
931952,train
931976,train
932077,train
932103,test
932970,test
932977,train
933943,train
934082,test
934686,validation
935015,train
935431,test
935698,validation
935867,train
936948,train
937210,train
937593,train
937802,train
938360,validation
939469,train
940003,train
940232,train
940254,train
940319,test
940379,train
940961,train
941420,train
941879,train
941888,train
941942,train
942238,train
942545,train
942859,train
943335,train
943968,test
944255,train
944464,train
944702,train
945447,train
945911,train
945966,train
946024,test
946107,train
946445,train
946516,train
947929,test
948797,train
948816,train
948948,train
948962,train
948973,train
949791,validation
949879,train
950056,train
950087,train
950952,train
951070,train
951106,train
951245,train
952489,train
953103,train
953375,train
954058,train
954179,train
954491,train
955016,train
955026,validation
955245,test
955418,train
955425,train
955769,train
955916,train
956089,train
956647,train
956725,train
956841,train
957149,train
957417,train
957603,train
960310,train
960510,train
960831,train
960961,train
961800,train
961989,train
964062,train
965765,train
966063,train
968142,train
968770,validation
969364,validation
969461,train
969665,train
970625,train
971007,train
971756,validation
971931,train
973103,train
973237,train
973259,train
974069,train
974955,train
975292,train
976004,validation
976419,validation
976531,train
980238,train
981657,train
981811,train
981937,train
982736,train
984067,train
984664,train
985252,train
985512,train
986149,test
986478,train
986559,train
986673,validation
986882,train
987460,validation
987607,train
988350,train
988947,train
990036,train
992058,train
992586,train
996097,train
996159,train
996189,validation
997811,test
998116,train
998826,train
998988,train
999277,train
1000461,test
1000964,train
1001427,train
1002658,train
1003079,train
1003265,train
1003648,validation
1003838,train
1004326,train
1005068,train
1005786,test
1006589,validation
1006723,train
1007800,train
1008477,train
1008645,train
1009965,test
1010933,train
1012750,train
1013988,train
1014194,train
1015780,train
1016161,train
1016625,train
1016977,train
1016978,train
1017240,train
1017472,train
1018730,train
1018800,train
1019257,train
1020938,train
1023426,train
1024285,train
1024556,test
1026412,train
1026512,train
1026513,train
1026858,train
1027642,train
1028601,train
1029910,train
1030741,train
1031026,train
1031158,train
1031239,train
1031314,train
1032390,train
1032441,train
1033435,train
1033508,train
1033638,train
1033791,validation
1034160,train
1034638,train
1035050,train
1035791,train
1036846,train
1036992,train
1037520,test
1038262,train
1040961,test
1040984,train
1042127,train
1043020,train
1043051,validation
1044406,train
1044749,validation
1044811,train
1045847,train
1046843,validation
1046991,train
1047249,train
1048412,train
1049517,test
1049968,test
1050544,train
1051418,train
1052919,test
1054033,train
1054136,train
1055024,test
1055193,train
1055768,train
1056209,train
1056463,test
1056800,test
1058494,test
1059539,train
1059751,validation
1060497,validation
1062188,train
1062360,validation
1062657,train
1063227,train
1063319,train
1063583,train
1063661,train
1063868,train
1064316,train
1064359,train
1064590,train
1065732,train
1067223,train
1068600,train
1070279,train
1070562,train
1070598,validation
1072380,train
1073662,train
1074072,train
1074728,validation
1074756,train
1075030,validation
1075428,train
1075897,test
1075928,train
1076457,test
1076726,train
1078008,train
1078446,train
1078543,train
1078855,train
1078883,validation
1079349,test
1080016,train
1080456,train
1080923,train
1081463,train
1082240,train
1082547,train
1084581,train
1084838,train
1084951,train
1085372,train
1086124,train
1087046,train
1088075,test
1088235,train
1088747,train
1093203,train
1094630,train
1094647,test
1096226,train
1096286,train
1096301,train
1096991,validation
1098228,test
1098868,train
1099117,train
1099182,train
1099903,test
1100152,train
1100317,test
1102997,train
1103099,train
1103838,train
1104652,train
1105652,train
1105655,train
1105691,train
1105808,train
1105887,train
1106877,train
1107017,test
1107184,validation
1107684,test
1108754,test
1109105,train
1109170,train
1109172,train
1109653,train
1110205,train
1110601,validation
1110882,train
1111463,train
1111732,train
1113412,train
1114322,train
1115128,train
1115462,validation
1116671,train
1116848,train
1117666,validation
1117834,test
1118670,validation
1119536,validation
1119716,train
1119737,train
1120810,train
1121353,train
1122865,train
1123492,train
1123747,train
1123761,train
1123905,train
1123938,train
1124872,train
1124907,train
1125680,validation
1126989,train
1128483,train
1130897,train
1131643,validation
1131742,train
1136506,train
1136586,train
1136783,train
1137161,validation
1137720,train
1138457,train
1138722,validation
1139189,validation
1139488,train
1139747,validation
1140102,train
1142329,train
1142742,train
1143041,train
1143129,train
1143505,validation
1144033,validation
1145546,train
1146057,validation
1146952,train
1148035,train
1148072,train
1149214,train
1149392,validation
1149776,validation
1150508,train
1150650,train
1151029,train
1152139,train
1152256,test
1152398,train
1153003,train
1153565,train
1154879,train
1155146,train
1155678,train
1155725,train
1157281,train
1157556,test
1157938,train
1158119,train
1158583,test
1158736,train
1159730,test
1161948,train
1163054,train
1164585,train
1165206,train
1165481,train
1165724,train
1166878,train
1167111,train
1167251,train
1167450,validation
1168020,test
1168138,test
1169778,train
1170224,train
1170526,train
1171522,train
1171648,train
1173681,train
1174097,train
1174795,train
1177011,train
1178083,train
1178618,train
1180272,test
1180551,train
1180640,train
1181155,train
1181574,train
1182972,train
1183213,train
1183299,train
1184215,train
1185202,train
1187589,train
1188179,test
1188824,train
1189892,train
1191402,test
1192145,train
1192161,train
1194749,train
1194969,train
1195393,test
1195464,train
1197177,validation
1197714,train
1198581,train
1199509,train
1200593,train
1201140,train
1202101,validation
1202228,train
1202672,test
1202906,train
1203056,validation
1203110,train
1204736,train
1205308,validation
1205352,train
1205778,train
1207324,train
1207584,train
1207888,test
1208907,train
1209131,train
1210681,train
1213305,train
1213381,train
1213463,train
1214003,train
1214277,train
1215384,train
1215469,train
1216237,train
1216480,train
1216690,train
1217223,train
1217884,train
1219994,train
1220783,train
1220830,train
1222419,train
1222694,train
1222960,train
1223435,train
1223597,validation
1224359,train
1224496,train
1225576,train
1225826,train
1225970,train
1226201,test
1226632,train
1230579,train
1233616,train
1234175,train
1234328,train
1235320,train
1237315,train
1239465,train
1239572,train
1240082,train
1242805,train
1243189,train
1243286,train
1245265,train
1245505,train
1245619,train
1245799,validation
1245842,train
1246345,train
1246585,train
1247236,train
1248388,train
1248430,train
1248971,test
1249500,train
1249741,train
1249770,train
1250330,validation
1251157,train
1251386,validation
1251882,train
1252170,validation
1252541,train
1253069,validation
1253087,train
1253320,validation
1253877,train
1254662,train
1256209,train
1256269,train
1259845,train
1261019,train
1261031,train
1261738,train
1262273,validation
1263248,train
1264119,test
1264912,train
1265132,train
1265281,train
1265330,train
1266171,train
1268318,train
1268326,train
1269481,train
1269545,test
1269767,test
1271188,train
1271393,train
1271416,train
1271851,train
1272046,train
1272219,train
1272236,train
1272485,validation
1272861,train
1273676,train
1274407,train
1274727,train
1274859,train
1275462,test
1276087,train
1276428,validation
1276588,train
1278778,train
1278866,train
1278940,train
1279332,validation
1279493,test
1279656,train
1280223,train
1280328,train
1281262,test
1281533,train
1281867,train
1283414,train
1283448,train
1283621,train
1283854,train
1284006,test
1284725,train
1285123,train
1287066,test
1287229,train
1287810,validation
1287831,train
1288338,train
1288383,validation
1288540,train
1289083,train
1289303,train
1291086,train
1291109,train
1291566,train
1291642,test
1294075,train
1294576,train
1295102,train
1296068,train
1296094,train
1296859,test
1297046,train
1297533,train
1298319,train
1298711,train
1299118,train
1299221,train
1299518,validation
1299764,train
1299988,train
1300016,train
1300236,train
1300357,train
1300677,train
1301228,train
1302171,train
1302698,train
1303376,train
1303806,validation
1303864,validation
1303954,train
1304737,validation
1305289,train
1306338,train
1306503,train
1306707,train
1307329,train
1307486,test
1307685,train
1309013,train
1309515,train
1311273,test
1311414,train
1312182,train
1312225,train
1312273,train
1313350,test
1313389,test
1313613,train
1313988,test
1314420,train
1314877,validation
1316072,train
1316328,train
1317053,train
1317848,train
1318461,train
1318514,train
1319089,train
1319196,train
1319412,train
1319423,train
1319619,test
1320499,train
1320769,train
1321261,train
1321292,validation
1321364,train
1323060,train
1323233,validation
1323385,test
1323552,train
1323721,train
1323726,train
1324731,validation
1324779,train
1325505,train
1325829,test
1326478,train
1327258,train
1327262,train
1327733,train
1327799,train
1327814,train
1328899,train
1329155,train
1329811,test
1330463,train
1330602,test
1330853,train
1331085,validation
1331310,train
1331331,train
1331611,train
1331675,validation
1331712,train
1332319,train
1333136,train
1333175,validation
1333176,train
1333389,train
1333585,train
1335242,validation
1335348,train
1335414,train
1336305,train
1336390,train
1336878,train
1337454,train
1337828,train
1339288,train
1340056,train
1340111,train
1340499,train
1340517,train
1341176,train
1341643,train
1341690,train
1341788,train
1342028,train
1342528,train
1342625,validation
1342715,train
1343035,train
1343092,train
1343097,train
1343202,train
1343862,train
1344106,train
1344397,train
1345443,train
1345945,train
1346161,validation
1346392,train
1347125,test
1347552,train
1348030,train
1349886,train
1350470,train
1350682,validation
1351391,train
1352001,test
1352307,train
1352617,test
1352643,train
1353052,train
1353605,train
1353631,train
1354043,train
1354503,train
1354879,validation
1355358,train
1356287,train
1357038,train
1357057,train
1357071,train
1357162,train
1357712,train
1357758,train
1357800,train
1358014,train
1358227,train
1359443,train
1360391,train
1360818,train
1361386,train
1361600,test
1361845,train
1361975,validation
1362661,train
1363211,train
1363472,train
1363499,test
1364117,train
1364343,validation
1364615,validation
1364672,train
1364944,train
1365457,train
1365567,train
1365664,validation
1365835,test
1366344,train
1366968,train
1367600,train
1367907,train
1368257,validation
1368375,train
1368462,train
1368620,train
1369099,train
1369100,train
1369128,train
1369171,train
1369372,train
1369608,validation
1369740,train
1370507,train
1371240,train
1372350,train
1372363,train
1372497,train
1372590,train
1372767,train
1373044,train
1373300,train
1373695,test
1373818,train
1373896,train
1374020,train
1374157,train
1374394,train
1374442,train
1374490,test
1374581,train
1374993,train
1375021,train
1375242,train
1375455,train
1375741,train
1376342,train
1376469,validation
1378291,train
1378361,train
1378506,train
1378635,train
1378638,train
1378859,train
1379367,train
1379475,validation
1379516,train
1379517,train
1379973,validation
1380120,train
1380434,train
1381082,train
1381324,train
1381928,train
1382067,test
1382080,train
1382259,train
1382372,train
1383884,train
1383926,train
1384013,train
1384074,test
1384174,train
1384468,train
1384552,train
1384777,train
1384940,train
1385046,train
1385282,train
1385295,train
1385643,train
1385927,train
1386267,test
1386492,train
1387209,train
1387444,train
1387546,test
1387565,test
1387763,train
1388631,validation
1389275,train
1389381,train
1389589,train
1389711,train
1389716,train
1389722,validation
1389958,train
1389998,train
1390087,train
1390230,train
1390638,train
1390726,train
1391131,train
1391288,test
1391345,train
1391442,train
1391761,train
1392101,train
1392108,train
1392371,train
1392394,test
1393572,train
1393583,test
1393666,validation
1393825,train
1393963,test
1394142,train
1394332,validation
1394357,train
1394395,validation
1394454,validation
1394541,validation
1394767,train
1395436,train
1395647,train
1395855,train
1395880,train
1396024,train
1396093,train
1396244,test
1396612,train
1397057,validation
1397336,train
1397655,validation
1397673,test
1398078,train
1398523,train
1398645,train
1398881,train
1398954,train
1399682,train
1400429,train
1400713,train
1400766,train
1401948,train
1402036,train
1402732,test
1404098,train
1404482,test
1404546,train
1404552,train
1404709,train
1405070,train
1405386,train
1405395,train
1405459,train
1405734,train
1405842,train
1406260,train
1406512,train
1406644,train
1406758,train
1406885,train
1407157,test
1407368,train
1407746,train
1407825,test
1407832,train
1407937,train
1408128,train
1408280,train
1408688,train
1408861,train
1408892,train
1409100,train
1409161,test
1409224,validation
1409725,train
1409835,train
1409992,train
1410170,train
1410418,train
1411139,train
1411306,validation
1411349,train
1411445,train
1411783,train
1412933,train
1413077,validation
1413869,train
1414311,train
1415096,train
1415264,train
1415372,train
1415452,train
1415475,train
1415502,train
1415929,train
1415992,train
1416465,train
1416571,train
1416846,train
1417829,test
1418127,validation
1418275,test
1418851,train
1419113,train
1419225,train
1419639,train
1419713,validation
1419827,train
1419990,train
1420432,train
1420561,train
1420843,train
1420854,train
1421092,train
1421159,train
1421197,train
1421208,train
1421272,validation
1421749,test
1421854,train
1422620,train
1423163,train
1423275,train
1423339,train
1423770,validation
1424336,train
1424501,test
1425139,train
1425707,train
1426157,train
1427342,validation
1427399,train
1427769,train
1427946,train
1429142,train
1429253,train
1429338,train
1429387,train
1429440,train
1429524,train
1429705,train
1430111,train
1431654,train
1431695,train
1431897,train
1431901,test
1432381,train
1432446,train
1433286,train
1433420,train
1433635,train
1433745,train
1433786,train
1433828,train
1433862,train
1433957,train
1434487,train
1434535,train
1434754,train
1435025,train
1435146,test
1436124,train
1436148,train
1436385,train
1436497,train
1437187,train
1437207,train
1437373,train
1437810,train
1438186,train
1438257,train
1439056,train
1439475,test
1439639,train
1440757,train
1440921,test
1441903,train
1442538,train
1443447,train
1444983,validation
1445237,train
1445305,train
1445534,train
1445586,test
1445604,train
1446027,train
1446143,train
1446145,train
1446656,train
1446728,test
1446807,train
1447130,train
1447186,train
1447332,validation
1447521,train
1447602,train
1447891,validation
1448063,validation
1448534,validation
1448614,test
1449743,train
1449966,train
1450049,train
1450145,validation
1450526,train
1450588,train
1450785,train
1452323,train
1452614,train
1452838,test
1452867,test
1453536,train
1453562,train
1453573,train
1453738,train
1453850,validation
1454322,train
1454461,train
1454993,validation
1455321,train
1455820,train
1456387,train
1456406,train
1456795,train
1457123,train
1457346,train
1457463,validation
1457512,train
1458142,train
1458224,train
1458440,train
1458558,train
1458689,train
1459047,train
1459062,test
1459142,train
1459162,train
1459739,validation
1459946,train
1460191,train
1460851,train
1461305,train
1461324,train
1461454,train
1461496,train
1461666,train
1461908,train
1462114,train
1462378,train
1462571,train
1463829,train
1463907,test
1463951,train
1464150,train
1464221,train
1464534,train
1464700,validation
1465616,test
1466247,train
1466293,train
1467522,train
1467729,validation
1468618,train
1469005,train
1469029,train
1469375,train
1469753,train
1470143,train
1470735,train
1470805,train
1471384,train
1471670,train
1471822,train
1472310,train
1472426,train
1473058,train
1475228,train
1475612,train
1475694,train
1475828,train
1476208,validation
1476435,train
1477075,validation
1477193,train
1477295,train
1477494,train
1477513,train
1477843,train
1477996,train
1478007,train
1478661,train
1479241,train
1479417,train
1479481,train
1479853,train
1479933,train
1480288,train
1480547,train
1480837,train
1481022,test
1481245,test
1481310,train
1481478,train
1482714,train
1483262,train
1483643,train
1484161,train
1484325,validation
1484580,train
1484845,train
1485370,train
1485371,train
1485693,train
1486644,train
1486773,train
1486864,train
1486889,validation
1487500,train
1487533,train
1487669,train
1487695,test
1487709,train
1488244,train
1488535,validation
1488585,validation
1488714,train
1490986,validation
1491058,train
1491168,train
1491578,train
1491855,train
1492534,train
1492591,train
1492744,train
1493750,train
1493810,train
1494313,train
1494646,train
1494713,train
1494716,train
1494895,train
1495241,test
1495978,train
1496386,train
1497649,train
1497683,train
1497873,train
1497886,test
1498171,train
1498186,train
1498522,train
1499229,train
1499410,train
1500142,train
1500948,train
1501020,train
1501096,train
1501190,test
1501758,train
1502356,train
1502936,train
1503104,train
1503283,validation
1504272,train
1504480,train
1505069,test
1505591,train
1505753,test
1505831,train
1506112,train
1507553,train
1507663,train
1507731,test
1508372,train
1508891,train
1508893,train
1509451,train
1510269,train
1511722,test
1512244,train
1512366,train
1512437,train
1512830,train
1513041,train
1513951,train
1514317,validation
1514339,train
1514715,train
1514831,train
1517206,validation
1517367,train
1517684,train
1517729,train
1518107,train
1518899,train
1519310,train
1520188,train
1521243,train
1522083,test
1522775,validation
1523526,train
1524144,train
1524190,train
1524210,train
1524446,train
1524818,train
1525340,train
1525461,validation
1525556,train
1526190,train
1526717,train
1526983,train
1527162,train
1527694,train
1528210,train
1529904,train
1530169,train
1530715,train
1531308,validation
1531925,validation
1532370,validation
1532480,train
1532506,train
1532754,test
1533245,train
1534024,train
1534454,train
1534928,train
0,test
63,train
76,train
83,train
94,train
131,validation
165,train
181,train
183,test
225,train
267,train
300,train
303,train
356,train
390,train
393,train
408,train
409,test
447,train
456,train
476,train
479,train
484,train
490,validation
502,test
539,train
549,test
578,train
626,train
643,train
657,validation
665,train
666,train
698,train
708,train
721,train
732,validation
759,validation
781,train
801,test
823,train
828,test
869,train
883,train
963,train
972,validation
990,train
1021,train
1027,train
1031,train
1033,train
1034,train
1047,validation
1118,train
1177,train
1235,train
1249,validation
1282,validation
1297,train
1317,train
1321,train
1340,train
1380,validation
1381,train
1431,train
1432,train
1440,validation
1444,train
1546,train
1563,train
1573,validation
1608,train
1672,train
1700,train
1705,train
1706,train
1746,train
1747,train
1794,train
1844,train
1850,validation
1863,train
1875,test
1883,train
1905,train
1919,train
1934,train
1956,train
1970,train
1977,train
2033,validation
2068,train
2106,validation
2130,train
2169,train
2193,train
2205,train
2224,train
2238,train
2252,train
2265,train
2289,train
2305,test
2357,validation
2375,train
2398,train
2437,train
2444,train
2460,test
2461,train
2508,train
2520,train
2567,train
2601,train
2677,validation
2691,train
2752,train
2788,test
2843,train
2855,train
2866,train
2892,train
2924,test
2959,train
2969,validation
2976,train
2984,test
3030,train
3047,validation
3072,train
3091,test
3099,train
3111,train
3115,validation
3172,train
3174,validation
3193,train
3194,train
3230,train
3286,train
3346,train
3367,train
3374,train
3384,train
3395,train
3400,train
3404,train
3408,train
3409,train
3421,test
3422,validation
3425,train
3436,train
3481,validation
3514,train
3531,train
3552,train
3559,train
3561,train
3569,train
3582,test
3583,validation
3611,train
3648,train
3670,validation
3679,train
3684,train
3696,train
3700,test
3703,train
3728,validation
3751,validation
3868,train
3877,train
3931,train
3933,train
3934,train
3943,train
3990,train
4028,validation
4036,train
4048,train
4082,train
4091,train
4128,train
4135,train
4138,train
4157,train
4194,train
4221,train
4232,train
4253,test
4284,train
4337,train
4345,train
4392,train
4436,train
4449,train
4452,train
4457,train
4463,train
4508,train
4515,train
4532,test
4585,train
4673,train
4690,train
4694,train
4700,train
4706,train
4753,train
4760,train
4777,train
4792,train
4794,train
4805,train
4809,train
4821,validation
4834,train
4847,train
4902,train
5012,test
5014,train
5018,train
5022,train
5032,train
5043,train
5051,train
5070,validation
5096,train
5107,train
5130,test
5135,train
5158,train
5169,train
5191,train
5207,train
5208,test
5235,train
5239,train
5240,train
5285,validation
5303,test
5309,validation
5336,train
5350,train
5383,train
5404,train
5444,train
5456,train
5476,train
5515,train
5528,train
5566,train
5572,train
5582,train
5588,train
5589,train
5592,train
5617,train
5625,train
5676,test
5679,train
5685,train
5701,train
5715,train
5719,train
5727,train
5730,test
5741,train
5750,validation
5757,train
5773,train
5798,test
5832,train
5838,train
5839,train
5862,train
5884,train
5905,train
5947,train
5968,train
5992,train
6025,train
6038,train
6098,train
6126,train
6131,train
6140,validation
6154,train
6182,train
6223,train
6224,train
6247,train
6254,train
6316,train
6322,train
6330,validation
6341,validation
6342,test
6348,train
6376,train
6429,train
6446,train
6505,train
6516,train
6560,train
6564,train
6591,train
6600,train
6602,train
6616,validation
6647,train
6663,train
6701,train
6707,train
6731,train
6786,train
6797,train
6817,train
6850,train
6916,train
6920,train
6935,train
6960,train
6978,test
6998,train
7015,train
7045,train
7048,train
7056,train
7071,train
7118,test
7132,train
7151,train
7172,train
7218,train
7228,train
7245,train
7259,train
7269,train
7282,train
7294,test
7308,train
7349,test
7350,train
7387,validation
7396,train
7398,validation
7411,test
7512,train
7525,test
7537,train
7584,train
7593,train
7595,train
7621,train
7623,train
7624,train
7642,train
7644,validation
7662,train
7669,train
7707,train
7708,train
7710,train
7736,train
7842,train
7857,test
7925,train
7933,train
7935,train
7945,train
7990,train
8043,train
8063,train
8068,train
8080,test
8085,validation
8109,train
8111,train
8114,train
8132,train
8163,train
8173,train
8182,train
8206,train
8220,train
8232,test
8289,test
8311,train
8317,train
8324,validation
8340,train
8343,train
8390,train
8401,train
8402,train
8404,validation
8417,test
8429,train
8431,train
8442,test
8454,train
8479,validation
8515,train
8524,train
8535,train
8554,train
8578,train
8634,train
8646,train
8683,train
8689,train
8705,validation
8721,test
8723,train
8780,validation
8797,train
8813,train
8816,test
8833,train
8834,train
8838,validation
8842,train
8907,validation
8918,validation
8925,train
8929,validation
8931,train
8941,train
8951,train
8971,test
8974,train
9016,train
9032,train
9037,train
9050,train
9057,train
9068,train
9082,train
9088,validation
9090,train
9097,train
9105,test
9109,train
9111,test
9118,train
9137,validation
9150,train
9230,train
9255,train
9295,validation
9305,train
9316,train
9346,train
9347,train
9360,train
9367,train
9377,validation
9461,train
9480,train
9495,train
9499,train
9540,train
9550,train
9577,train
9599,train
9607,train
9638,validation
9674,test
9685,train
9706,test
9717,train
9768,train
9774,train
9776,train
9823,train
9833,train
9861,train
9882,train
9900,train
9914,train
9952,train
9976,train
9981,validation
10008,test
10010,train
10031,test
10059,train
10062,train
10075,train
10081,train
10094,test
10173,train
10199,train
10209,train
10282,train
10289,validation
10322,train
10346,train
10354,train
10355,train
10369,train
10374,train
10450,train
10463,train
10473,validation
10533,validation
10534,train
10536,train
10628,train
10639,train
10688,train
10714,train
10725,train
10748,train
10753,train
10766,train
10776,train
10777,train
10785,train
10820,train
10864,train
10871,train
10891,train
10909,train
10925,validation
10959,train
10972,train
10981,train
11002,train
11028,train
11052,train
11097,train
11105,validation
11114,train
11156,train
11164,validation
11193,train
11206,test
11239,train
11264,test
11316,train
11324,train
11339,train
11346,train
11347,train
11393,train
11413,train
11424,train
11434,train
11478,train
11509,test
11572,train
11589,test
11598,train
11609,train
11613,train
11631,train
11646,train
11665,train
11666,train
11675,test
11677,train
11684,train
11709,train
11711,train
11726,train
11763,train
11814,train
11825,train
11884,train
11897,validation
11960,validation
11983,train
11992,train
12037,train
12053,validation
12088,train
12100,train
12107,train
12123,train
12126,train
12190,train
12216,train
12234,train
12235,train
12296,train
12299,train
12306,train
12307,validation
12312,train
12330,train
12378,train
12383,train
12386,train
12387,train
12392,validation
12417,train
12429,train
12440,train
12443,train
12444,train
12445,train
12450,train
12463,train
12464,train
12468,train
12472,train
12476,train
12485,test
12505,train
12550,train
12559,train
12699,train
12823,train
12840,train
12853,test
12855,train
12860,train
12887,train
12900,validation
12930,train
12941,train
12943,train
12961,train
12998,train
12999,train
13007,train
13023,train
13033,train
13046,train
13056,train
13062,test
13076,validation
13077,train
13143,validation
13145,train
13153,train
13210,train
13213,train
13215,train
13219,train
13225,train
13258,train
13261,train
13274,train
13280,train
13284,train
13287,test
13292,test
13315,train
13336,test
13340,train
13362,test
13380,train
13387,train
13395,train
13407,train
13427,train
13436,train
13451,train
13471,train
13472,train
13473,validation
13515,train
13577,train
13589,train
13602,train
13632,train
13639,test
13642,train
13731,train
13744,validation
13755,train
13761,train
13764,train
13771,train
13795,train
13797,train
13799,train
13816,test
13821,train
13859,train
13862,train
13880,train
13887,train
13904,train
13946,validation
13966,train
13997,train
14004,train
14017,train
14020,train
14045,train
14066,train
14101,train
14113,validation
14137,test
14146,train
14151,validation
14158,train
14166,test
14171,train
14215,test
14232,test
14266,train
14291,test
14304,train
14363,train
14367,train
14437,train
14457,train
14474,train
14489,test
14499,train
14501,train
14534,test
14574,test
14578,test
14583,train
14585,test
14594,train
14613,train
14634,train
14640,train
14654,train
14659,train
14683,train
14686,train
14691,train
14696,train
14699,train
14718,train
14730,train
14745,train
14757,test
14761,train
14764,train
14793,train
14807,train
14858,validation
14905,train
14908,train
14910,train
14911,train
14914,train
14937,train
14944,train
14959,train
15013,train
15025,test
15045,test
15069,train
15080,train
15084,train
15163,train
15212,train
15225,test
15250,test
15257,train
15258,train
15261,train
15277,train
15278,train
15295,train
15316,train
15366,train
15372,train
15376,test
15379,train
15401,train
15457,train
15503,train
15517,train
15527,train
15556,validation
15578,train
15582,test
15600,train
15629,train
15701,train
15758,train
15775,train
15780,train
15788,train
15792,validation
15802,test
15813,validation
15817,train
15832,train
15843,train
15858,train
15872,train
15927,train
15965,train
16005,train
16015,validation
16023,train
16045,train
16053,train
16102,test
16114,train
16132,train
16160,validation
16200,validation
16209,train
16221,train
16244,train
16246,train
16268,train
16275,validation
16285,train
16300,train
16334,train
16369,train
16378,train
16406,train
16507,train
16523,train
16603,train
16606,train
16630,test
16646,train
16659,train
16670,train
16727,train
16730,train
16746,train
16750,test
16758,train
16789,train
16814,train
16833,validation
16865,train
16923,train
16934,train
16958,train
16975,validation
16995,train
17041,train
17083,test
17087,validation
17097,test
17100,train
17103,train
17116,train
17121,train
17122,train
17157,train
17187,train
17199,train
17212,train
17217,train
17244,test
17324,train
17326,train
17328,train
17331,train
17356,train
17390,train
17399,train
17403,train
17429,train
17430,train
17442,test
17514,validation
17552,train
17577,train
17586,train
17618,test
17636,train
17690,train
17696,validation
17718,train
17752,validation
17755,train
17764,train
17822,train
17830,test
17859,validation
17869,train
17871,train
17915,train
17919,test
17932,train
17933,train
17939,train
17946,train
17952,train
18015,train
18057,train
18083,validation
18103,train
18148,train
18169,test
18183,train
18204,train
18226,train
18227,validation
18257,train
18284,test
18309,train
18310,train
18340,train
18341,validation
18349,train
18396,validation
18410,train
18424,train
18430,train
18442,validation
18469,train
18473,train
18508,train
18571,validation
18572,train
18590,train
18595,train
18659,train
18689,train
18712,validation
18748,test
18770,train
18811,train
18828,train
18829,train
18840,train
18855,train
18914,train
18920,train
18933,train
18960,train
18962,train
18982,train
18983,train
19014,train
19053,train
19057,train
19101,train
19138,train
19153,train
19201,test
19202,train
19260,train
19269,train
19281,train
19354,train
19369,train
19439,train
19481,train
19487,train
19493,train
19500,test
19529,train
19530,train
19542,train
19551,test
19572,train
19591,train
19594,train
19617,train
19659,train
19694,train
19700,train
19706,train
19719,train
19747,train
19792,train
19821,train
19827,train
19841,test
19853,train
19871,train
19884,train
19895,test
19936,train
20013,train
20043,train
20061,train
20082,train
20126,train
20136,train
20206,test
20242,train
20282,train
20295,train
20304,train
20310,train
20314,train
20321,train
20327,validation
20333,test
20355,train
20358,train
20361,test
20378,train
20398,validation
20404,train
20419,train
20466,train
20490,train
20491,train
20494,train
20496,train
20505,train
20536,train
20558,test
20561,train
20562,validation
20576,train
20580,train
20601,test
20608,train
20614,train
20660,train
20681,train
20682,train
20723,test
20726,train
20729,train
20786,train
20796,train
20842,train
20867,train
20868,train
20893,train
20910,train
20911,train
20913,train
20946,train
20982,validation
21007,train
21089,train
21134,train
21158,train
21188,train
21191,train
21201,train
21208,train
21226,train
21234,train
21252,train
21259,train
21283,test
21322,validation
21388,validation
21393,validation
21401,test
21416,train
21462,train
21463,train
21479,train
21495,train
21556,train
21579,train
21583,train
21592,test
21604,train
21630,train
21637,train
21666,train
21673,validation
21686,train
21691,train
21696,train
21757,train
21798,train
21842,train
21851,train
21854,train
21872,train
21875,test
21912,train
21929,validation
21950,train
21959,train
22018,train
22019,train
22042,train
22047,train
22065,train
22077,test
22082,train
22120,train
22156,train
22197,train
22297,train
22317,train
22321,train
22372,train
22395,train
22400,train
22427,validation
22430,validation
22433,train
22439,train
22440,train
22450,train
22458,train
22476,train
22493,train
22509,train
22522,train
22539,validation
22544,train
22632,train
22640,test
22674,test
22677,train
22698,train
22708,train
22711,test
22745,validation
22758,train
22768,train
22789,train
22807,train
22811,train
22812,validation
22837,train
22844,validation
22865,validation
22871,train
22889,train
22917,train
22925,train
22926,train
22935,train
22950,train
22951,train
22957,train
22958,train
22974,train
22987,train
23059,train
23090,train
23110,train
23112,train
23131,train
23142,train
23182,validation
23189,train
23192,train
23209,train
23225,train
23227,train
23233,train
23234,train
23237,train
23243,train
23256,train
23284,train
23288,test
23301,train
23302,train
23319,train
23321,train
23332,train
23335,train
23336,train
23388,train
23425,train
23451,train
23473,validation
23487,train
23490,train
23500,train
23504,train
23511,train
23530,train
23549,train
23557,train
23569,train
23576,train
23599,validation
23611,train
23644,train
23706,train
23735,train
23739,train
23763,train
23777,train
23790,train
23822,train
23832,train
23886,train
23920,train
23924,train
23946,train
23948,validation
23967,validation
23974,validation
24017,train
24066,train
24107,train
24153,train
24184,train
24187,validation
24227,validation
24281,train
24308,train
24316,train
24350,validation
24376,test
24380,train
24385,train
24405,validation
24418,train
24467,train
24481,test
24485,train
24489,train
24507,train
24517,train
24520,validation
24538,train
24582,test
24583,train
24594,train
24597,train
24611,train
24632,train
24671,train
24678,train
24683,train
24816,train
24834,train
24838,train
24845,train
24921,train
24922,train
24990,train
25008,train
25011,validation
25027,train
25032,train
25052,train
25066,train
25082,train
25091,train
25096,train
25119,validation
25132,train
25142,train
25174,train
25191,train
25202,train
25204,train
25206,train
25210,validation
25215,train
25237,test
25261,train
25264,train
25293,train
25307,validation
25324,train
25348,train
25354,train
25417,train
25421,train
25428,train
25465,train
25468,train
25491,train
25493,train
25500,train
25519,test
25554,train
25577,train
25614,train
25628,train
25637,train
25673,validation
25681,train
25695,train
25752,train
25765,train
25774,train
25779,test
25820,train
25831,train
25847,train
25853,train
25859,train
25867,train
25924,train
25943,train
26017,train
26056,validation
26058,train
26079,train
26086,train
26097,train
26168,train
26172,train
26173,train
26186,train
26199,train
26218,train
26241,validation
26243,train
26274,train
26277,train
26290,train
26354,train
26356,validation
26410,validation
26413,train
26454,test
26495,test
26513,validation
26543,validation
26566,train
26599,train
26632,train
26676,train
26716,test
26741,train
26746,train
26757,validation
26769,validation
26798,test
26817,train
26848,train
26865,train
26880,train
26891,train
26902,train
26904,train
26911,train
26916,train
26919,train
26939,train
26948,train
26965,train
27007,train
27024,train
27025,train
27070,validation
27074,train
27109,train
27132,train
27182,validation
27183,train
27187,train
27191,test
27193,train
27209,train
27216,train
27222,train
27258,train
27261,train
27262,test
27268,test
27269,train
27291,train
27293,train
27340,test
27352,test
27355,train
27379,validation
27404,train
27457,train
27471,train
27506,train
27515,train
27533,train
27537,train
27539,test
27559,train
27599,train
27614,train
27628,train
27632,train
27645,train
27656,train
27710,train
27761,train
27772,train
27850,train
27897,train
27924,train
27964,validation
27993,train
28039,train
28064,train
28080,train
28121,train
28135,validation
28157,validation
28174,test
28210,train
28252,train
28298,train
28325,train
28420,train
28424,train
28442,test
28446,train
28452,train
28469,train
28483,train
28485,train
28496,train
28519,train
28529,train
28552,validation
28577,validation
28588,train
28591,train
28609,validation
28613,validation
28616,train
28657,train
28671,train
28687,validation
28690,test
28693,train
28707,validation
28784,train
28821,test
28890,train
28909,validation
28923,train
28961,train
28964,train
29005,test
29029,validation
29031,validation
29044,test
29049,train
29052,train
29070,train
29081,train
29105,train
29137,train
29146,train
29184,train
29199,train
29214,train
29232,test
29261,train
29275,test
29300,train
29301,train
29327,train
29328,train
29358,train
29360,train
29365,train
29373,train
29400,train
29425,train
29437,train
29481,train
29487,validation
29506,train
29514,train
29534,validation
29548,train
29550,train
29551,train
29600,train
29613,train
29619,validation
29663,train
29668,train
29688,train
29693,train
29694,train
29717,train
29757,train
29758,train
29760,train
29772,train
29777,validation
29791,train
29792,train
29819,train
29825,train
29871,train
29874,train
29892,train
29937,validation
29954,train
29965,train
29971,validation
29993,test
30021,validation
30048,train
30076,train
30077,train
30085,train
30181,train
30197,train
30200,validation
30214,train
30222,validation
30264,train
30273,train
30313,train
30369,train
30374,train
30445,train
30491,test
30502,train
30537,train
30560,train
30567,train
30571,train
30636,train
30641,train
30653,train
30689,train
30690,train
30700,train
30735,train
30768,train
30772,train
30781,train
30805,validation
30869,train
30875,test
30891,test
30903,train
30910,train
30924,train
30931,train
30955,train
30972,train
30978,train
30981,validation
30996,train
31000,train
31007,train
31022,train
31055,train
31072,validation
31086,train
31092,train
31108,train
31177,validation
31178,train
31201,train
31210,train
31212,train
31287,train
31323,train
31365,train
31373,train
31403,test
31438,train
31462,train
31497,train
31512,train
31514,test
31559,train
31638,train
31650,train
31668,train
31676,train
31750,train
31754,train
31760,test
31788,train
31789,train
31803,validation
31820,train
31832,train
31842,train
31874,train
31931,train
31932,train
31971,test
31977,train
31981,train
32004,train
32029,train
32059,train
32085,train
32127,validation
32141,train
32143,train
32154,train
32161,train
32170,train
32183,train
32197,train
32222,train
32233,train
32255,train
32259,train
32279,validation
32305,train
32320,train
32326,train
32343,train
32345,train
32362,train
32427,train
32428,test
32450,train
32463,train
32476,train
32500,validation
32516,train
32535,train
32546,train
32606,train
32618,train
32639,test
32648,train
32663,test
32741,train
32783,train
32792,train
32822,train
32849,validation
32877,test
32879,validation
32934,train
32958,train
32959,train
32967,test
32975,train
32976,train
33007,train
33068,train
33111,test
33120,train
33148,train
33170,train
33225,train
33228,train
33249,train
33255,validation
33288,test
33326,train
33338,train
33351,test
33371,train
33381,train
33383,train
33400,train
33424,train
33437,test
33443,train
33479,train
33480,train
33498,train
33512,train
33584,train
33589,train
33617,train
33621,test
33627,validation
33659,train
33729,train
33749,train
33750,train
33776,train
33780,train
33803,train
33848,validation
33859,validation
33879,test
33898,train
33906,train
33950,train
33953,train
33962,train
33969,train
33980,train
33992,validation
34012,train
34022,train
34060,train
34072,train
34088,train
34101,train
34129,train
34131,train
34138,train
34153,train
34160,train
34161,test
34192,train
34237,train
34291,train
34379,test
34383,validation
34386,train
34395,train
34453,validation
34469,train
34535,train
34600,train
34616,validation
34628,validation
34642,train
34658,train
34659,train
34673,train
34739,test
34776,train
34795,train
34801,train
34805,train
34829,train
34839,train
34855,train
34916,train
34937,train
34942,train
34963,train
35031,test
35045,validation
35060,test
35098,train
35125,test
35147,train
35154,train
35155,train
35180,train
35198,train
35206,train
35218,train
35265,train
35303,train
35330,train
35394,train
35518,validation
35540,validation
35561,train
35600,train
35602,train
35642,validation
35657,train
35672,train
35681,train
35686,train
35687,train
35723,validation
35741,train
35756,train
35793,validation
35803,validation
35868,train
35896,train
35899,train
35935,test
35955,train
35961,test
35973,train
35982,train
35991,train
35995,train
36013,train
36047,train
36062,train
36084,test
36100,train
36105,train
36116,train
36118,train
36131,train
36135,train
36138,test
36156,train
36181,train
36185,train
36205,train
36213,train
36217,validation
36240,validation
36252,train
36272,train
36294,train
36310,train
36316,train
36364,train
36376,train
36378,train
36421,train
36422,train
36437,train
36439,train
36456,validation
36462,train
36476,train
36510,train
36520,validation
36531,train
36583,train
36589,train
36599,train
36615,test
36642,train
36652,validation
36667,test
36677,test
36690,train
36699,train
36710,train
36731,train
36732,train
36735,train
36756,train
36763,train
36767,validation
36820,train
36841,validation
36857,train
36861,validation
36877,train
36881,train
36899,test
36905,train
36916,validation
36920,train
36949,train
36986,train
36989,train
37102,train
37106,train
37168,train
37200,train
37203,test
37240,test
37245,train
37249,train
37277,train
37284,train
37285,validation
37290,test
37297,train
37316,train
37332,train
37341,test
37366,train
37408,train
37420,train
37424,train
37451,train
37452,test
37466,train
37494,train
37504,train
37515,train
37548,train
37560,train
37563,train
37602,train
37612,train
37655,train
37691,validation
37698,train
37709,train
37718,train
37725,train
37789,train
37830,train
37831,train
37834,train
37841,train
37970,validation
37980,test
37999,train
38006,train
38032,validation
38035,test
38041,train
38103,train
38113,train
38115,train
38117,train
38158,train
38159,train
38219,train
38233,train
38253,train
38259,train
38309,train
38320,train
38357,test
38364,train
38366,train
38404,train
38410,train
38444,test
38470,train
38475,train
38494,train
38528,train
38534,validation
38598,validation
38640,train
38653,train
38690,validation
38731,test
38804,train
38811,train
38818,train
38825,validation
38836,train
38885,train
38907,train
38911,train
39012,train
39037,train
39081,train
39098,train
39105,train
39110,train
39121,train
39126,validation
39131,train
39139,train
39154,train
39191,train
39210,train
39231,train
39235,train
39263,train
39296,train
39333,train
39337,train
39365,train
39400,train
39423,train
39446,validation
39463,validation
39493,train
39515,train
39522,train
39526,train
39535,train
39554,validation
39567,train
39584,validation
39610,train
39632,train
39635,train
39660,train
39684,train
39702,train
39712,train
39748,test
39765,train
39774,test
39778,test
39779,train
39787,train
39797,train
39808,validation
39815,train
39827,train
39850,train
39866,train
39889,train
39899,train
39904,train
39916,validation
39961,train
39978,test
40015,train
40038,validation
40053,train
40174,train
40183,train
40214,validation
40339,train
40369,validation
40416,test
40509,train
40519,train
40563,train
40607,train
40623,validation
40641,train
40653,train
40655,test
40684,train
40693,validation
40728,train
40790,train
40825,train
40850,train
40851,train
40855,train
40862,train
40863,train
40891,train
40922,train
40930,train
40940,train
40953,train
40996,train
41057,train
41061,train
41067,train
41088,train
41124,validation
41166,train
41168,train
41190,train
41194,train
41223,test
41239,train
41248,train
41252,train
41264,train
41274,train
41294,train
41303,train
41324,train
41356,train
41363,train
41418,train
41462,train
41476,test
41491,train
41513,validation
41552,train
41562,train
41573,train
41610,train
41617,train
41619,train
41622,train
41627,test
41646,train
41663,train
41667,train
41744,train
41829,train
41837,train
41842,test
41859,train
41918,train
41919,train
41925,test
41926,train
41937,train
41953,train
41954,train
41960,train
41979,train
42000,train
42036,train
42055,train
42059,train
42066,train
42090,train
42107,train
42142,train
42152,train
42163,validation
42168,test
42170,train
42186,train
42250,train
42283,train
42287,train
42311,train
42322,train
42337,train
42339,train
42355,train
42372,train
42412,train
42427,validation
42429,test
42451,train
42452,train
42507,train
42520,train
42534,train
42557,train
42591,train
667,train
761,train
932,train
949,train
1143,train
1242,test
1445,train
1707,train
1847,validation
1965,test
2039,train
2237,validation
2522,train
2734,train
2743,train
2748,train
3057,train
3097,train
3253,train
3461,train
3616,train
3691,train
3706,train
4366,train
4624,train
4644,validation
4734,train
5014,train
5015,train
5251,train
5339,train
5856,train
5908,train
6378,train
6384,validation
7022,train
7057,train
7242,test
7339,train
7369,train
7397,train
7556,train
7784,train
7920,train
8519,train
9054,train
9086,train
9190,train
10067,train
10238,validation
10469,train
10657,train
10934,train
11091,train
11119,train
11364,train
11660,validation
11973,validation
12229,train
12303,train
12922,train
13025,train
14000,train
14082,train
14173,train
15121,train
15249,train
15570,test
15646,train
15703,train
15757,train
15986,train
16048,train
16065,train
16086,train
16250,train
16370,train
16430,train
16607,train
16638,test
16897,train
16899,train
17272,train
17735,test
18039,train
18118,train
18567,train
18655,train
18827,train
18941,train
18968,test
19078,train
19151,train
19748,train
19787,train
20069,validation
20817,train
21420,train
21478,train
21570,train
21577,train
21677,train
21879,validation
22233,test
22536,train
22630,test
22984,train
23165,train
23443,train
23847,train
23982,train
23995,train
24011,train
24128,train
24417,train
24614,train
24934,train
25406,train
25649,train
26195,train
26244,validation
26501,train
26740,train
27046,validation
27121,train
27310,train
27763,train
28034,test
28184,train
29027,train
29257,train
29886,train
30051,train
30328,train
30350,train
30533,test
30990,train
31034,train
31361,validation
31479,train
31735,train
32145,train
32165,validation
32202,train
32294,train
32405,test
32649,train
32887,validation
33115,test
33207,train
33411,train
33595,train
33633,train
33644,train
33952,train
34677,test
35008,train
35049,train
35767,validation
36215,test
36338,train
36371,test
36610,train
37083,validation
37399,train
37426,train
37968,train
37969,train
38581,train
38729,train
38926,train
39155,test
39229,train
39275,train
39477,train
39486,train
39703,validation
39879,validation
40531,train
40560,train
40881,train
40976,train
41190,validation
41285,train
41798,train
41886,train
41997,train
42102,test
42343,train
43002,train
43027,train
43816,train
44330,train
44473,train
44532,train
44634,train
44935,train
45260,train
45262,train
46276,train
46470,train
46569,train
46841,train
47135,train
47370,train
47577,train
48005,train
48085,train
48422,train
48875,train
49017,train
49138,validation
49405,train
49441,train
49460,train
49581,train
49616,train
50124,train
50266,validation
50354,train
50581,test
50864,train
51127,train
51132,train
51147,train
51261,train
51829,train
51870,train
51901,test
52481,validation
52625,train
52833,train
53351,train
53688,train
53749,train
54198,train
54285,train
54959,train
55219,test
55467,train
55542,test
55721,train
56201,train
56527,train
56950,train
57336,train
57426,train
57479,train
57752,train
57822,train
58664,train
58678,train
59796,train
59829,train
60031,train
60078,test
60164,train
60303,train
60319,train
60476,train
60539,train
60644,train
60667,train
61549,train
61571,train
61603,train
61672,train
61738,test
61995,train
62034,train
62337,train
62566,train
62639,test
62640,train
62699,validation
62700,validation
62892,train
63366,train
63429,train
63586,test
63783,train
63922,train
63989,train
64078,train
64291,train
64371,train
64991,validation
65013,validation
66285,validation
66436,train
66564,train
66859,train
66915,train
67278,train
67472,train
67530,train
67714,test
68227,train
68228,train
68789,train
68799,train
69471,train
69922,test
69965,validation
69975,test
70013,test
70071,train
70088,train
70149,train
70170,train
70610,train
70781,train
70852,train
70974,train
72225,train
72281,train
72371,train
72375,train
72981,train
73019,train
73111,train
73218,train
73473,train
73792,train
74021,train
74165,train
74407,train
74423,train
74655,train
74728,train
74801,train
74852,train
75091,train
75519,train
75860,train
75986,train
76047,train
76450,train
76700,train
76754,train
76894,train
77304,train
77757,train
78004,test
78444,train
78636,train
78758,train
79691,train
79973,train
80034,train
80244,train
80396,validation
81140,train
81548,train
81559,validation
81932,train
82427,validation
82684,train
83177,validation
83309,train
83487,train
83648,test
83823,train
84025,train
84044,train
84077,train
84136,train
84378,train
84484,train
84923,train
84966,train
85183,train
85621,train
85771,train
86022,train
86151,train
86868,train
87000,train
87405,train
87491,validation
88015,train
88089,train
88255,train
89077,train
89178,test
89239,train
89638,train
89685,validation
90591,train
91428,train
91534,train
92152,train
92315,test
93370,test
93433,train
93632,train
93732,validation
93749,train
93833,train
93922,validation
94546,train
94902,train
94973,train
95078,validation
95270,train
95426,train
95540,train
95630,train
95669,train
95829,train
95999,train
96128,train
96129,test
96755,train
96896,test
97021,train
97045,train
97205,train
97304,train
97540,test
97601,train
97980,train
97995,train
98014,train
98392,train
98406,train
98704,train
98761,train
98819,train
98922,train
98972,train
99145,train
99290,train
99451,train
99506,train
99892,train
100273,test
100642,train
100671,train
101005,validation
101193,validation
101642,train
101789,test
101949,train
102021,train
102130,train
102143,train
102159,train
102620,train
103501,train
103660,validation
103807,validation
103858,train
104071,validation
104383,validation
104515,train
104527,train
104688,train
105061,test
105164,train
105649,train
105787,train
105867,train
106233,train
106296,train
106500,train
106752,validation
107362,validation
107384,train
107843,test
107854,train
108430,train
108538,train
108542,validation
108608,test
108660,train
108821,validation
109346,train
109457,train
109579,train
109601,train
109643,train
109668,validation
109923,train
110100,train
110226,train
110700,train
110785,validation
111700,train
111843,train
111893,validation
112057,train
112088,train
112552,train
112760,train
113057,train
113443,train
113564,validation
113847,validation
114450,train
114663,train
114733,validation
114851,train
114937,train
115049,train
115197,validation
115245,train
115483,train
115963,train
116161,validation
116456,train
116886,test
118050,train
118182,train
118287,train
118420,train
118430,test
118550,train
119066,train
119414,train
119429,train
119576,train
119600,train
119998,test
120103,train
120269,train
120728,train
120838,train
120859,train
121024,validation
121302,train
121407,train
121833,train
122026,test
122071,train
122282,train
122527,train
122692,train
122808,train
122862,train
123228,train
123605,train
123997,validation
124227,train
124231,train
124332,train
124355,train
124556,train
124655,train
125287,train
125699,train
126250,test
126723,train
127333,test
127384,train
127802,train
127811,train
127845,train
128908,train
128970,train
129031,test
129033,validation
129057,train
129186,train
130105,train
130113,train
130191,train
130261,test
130580,train
130867,train
130873,train
130898,train
131213,train
131281,train
131704,train
132320,train
132600,train
132707,test
132831,train
132996,train
133074,train
133094,train
133109,train
133659,validation
133678,train
133822,train
133899,train
133951,train
134200,validation
134223,validation
134419,train
134680,train
134770,train
134936,test
134954,train
135886,test
136150,train
136258,train
136525,train
136576,test
136718,validation
136813,train
137119,train
137388,train
137683,train
137794,train
138561,train
138770,validation
138855,train
138949,validation
139119,train
139289,train
139338,train
139365,train
139380,train
139401,train
139766,train
139988,train
140020,train
140172,train
140784,validation
140820,test
140821,train
140898,train
141120,train
141233,test
141843,train
141958,train
142078,train
142285,train
142368,train
142424,train
142798,train
142832,train
143175,train
144049,train
144913,test
144915,train
144953,validation
144959,train
144964,train
145537,test
145747,train
145777,validation
145934,train
145997,validation
146159,train
146236,train
146278,train
146284,test
146337,test
146588,validation
146710,validation
147077,train
147094,train
147273,train
147275,train
147307,train
147434,train
147435,train
147684,train
148385,train
148695,train
149026,train
149530,train
149651,train
149825,train
150086,train
150185,train
150620,train
150824,train
150870,train
151128,train
151177,train
151552,test
152146,test
152233,train
152264,train
152270,train
152425,train
152464,test
152895,train
153242,train
153628,train
153818,test
154641,train
154758,train
154809,train
154842,train
155580,train
155676,train
155740,test
155817,test
155941,validation
156657,train
156876,validation
156973,train
157172,train
157707,train
158048,train
158446,train
158491,train
158610,train
158931,validation
158975,train
159216,train
159396,train
160381,train
160455,train
160510,train
160662,train
160943,train
161137,train
161398,validation
161628,train
161827,train
162012,validation
162033,train
162089,train
162193,validation
162393,train
163048,train
163117,train
163441,train
163546,train
163628,train
163902,train
164071,train
164131,train
164521,train
164606,train
164637,train
164754,train
165106,test
165561,train
165571,train
165756,train
165772,train
165895,test
165975,train
165995,test
166024,train
166038,train
166464,train
166778,validation
166780,train
167103,train
167170,train
167287,train
167334,test
167759,train
168194,train
168368,train
168500,train
168830,test
168961,train
169064,train
169559,validation
169800,train
170000,train
170244,train
170463,train
170584,train
171229,test
171785,train
171939,train
172172,test
172327,train
172611,train
172741,train
172884,test
173161,train
173260,train
173380,validation
173853,train
174230,train
174352,validation
174586,train
174643,train
174674,test
174686,train
174847,train
175166,validation
175355,validation
175553,train
176110,train
176251,train
176279,train
176456,train
176657,train
177133,train
177271,train
177367,train
177518,train
177678,train
177749,train
177794,train
178013,train
178099,train
178179,train
178585,test
178858,train
179214,test
180049,train
180052,train
180132,validation
180274,train
180678,train
181084,train
181179,train
181237,train
181646,train
182119,train
182325,train
182459,test
182464,train
182524,train
183114,validation
183295,train
183408,train
183805,train
184894,train
185508,train
185823,train
185907,test
186034,train
186420,train
186719,train
187115,train
187205,validation
187236,train
187391,train
187439,validation
187598,train
187708,train
188063,train
188269,validation
188357,train
188421,validation
188708,train
188900,train
188906,validation
189238,train
189361,train
189402,train
189615,train
189635,train
189909,train
190806,train
190860,train
190907,train
191577,train
191637,train
191843,validation
191863,train
191997,train
192013,test
192247,train
192365,test
192602,train
192721,train
192796,train
192829,train
192981,train
193381,train
193383,train
193424,train
194025,train
194149,train
194150,train
194336,train
194549,test
194734,train
194797,test
194899,train
195036,train
195145,train
195152,train
195226,train
195314,train
195953,train
196206,train
196351,train
196393,train
196504,train
196533,validation
197328,train
197644,train
198133,train
198251,train
198346,train
198374,train
198488,train
198556,train
198863,test
199040,test
199072,train
199284,train
199568,train
199640,train
199998,train
200025,train
200095,test
200151,train
200190,train
200765,train
200784,train
201227,train
201419,test
201423,train
201508,train
201541,train
201567,train
201731,train
201850,train
201929,train
202107,validation
202155,train
202188,train
202386,train
202546,train
203134,train
203511,train
204049,train
204092,train
204380,train
204489,validation
204515,train
204516,train
204714,train
204895,validation
204939,train
204994,train
205105,train
205601,train
205791,train
206095,train
206420,train
206433,train
206932,train
206977,train
206989,train
207562,train
207739,test
207896,test
207951,validation
207962,train
208233,train
208366,train
208883,train
208940,train
209433,train
209832,train
209912,train
210060,train
210187,test
210555,train
210707,train
211190,test
211354,train
211471,train
211727,train
212338,train
212572,validation
212643,train
212716,train
212837,train
213036,train
213147,test
213328,train
213384,train
213440,train
213571,train
213613,test
214014,train
214670,train
214819,train
214889,train
215717,train
216536,validation
216610,train
217518,validation
217736,train
217833,train
217929,train
218411,train
218569,test
218832,train
219056,train
219065,train
219074,train
219440,train
219608,train
220113,train
220384,train
221006,train
221195,train
221216,train
221300,train
221741,test
221940,train
222059,train
222352,train
222382,train
222426,train
222610,train
222899,train
223337,train
223492,train
223684,validation
223730,validation
223774,train
224153,train
224388,test
224645,train
224695,validation
224952,train
225190,test
225267,train
225553,test
225732,train
226080,train
226956,test
226992,train
227749,train
227826,train
227934,train
228140,test
228371,train
228454,train
228533,train
228548,train
229037,train
229414,train
229971,train
230095,test
230237,train
230341,train
230863,test
231054,train
231086,validation
231584,train
231627,validation
231943,train
231948,test
232097,train
232194,train
232800,train
233290,train
233750,train
233848,train
234265,train
234399,train
234403,train
234668,train
234783,train
234808,train
234874,train
234936,train
234989,train
235278,train
235535,validation
235785,train
235956,train
236279,train
236372,train
236412,train
236642,train
236709,train
236714,train
236923,train
237153,train
237299,train
237351,train
237718,test
237775,train
238135,train
238203,test
238317,train
238363,train
238517,train
238910,validation
239160,train
239442,train
240036,train
240145,test
240195,train
240220,train
240223,validation
240469,train
240475,train
240738,train
240753,train
240983,validation
241133,train
241296,validation
241375,train
242104,train
242114,test
242589,train
242981,train
242992,train
243776,validation
244022,train
244084,train
244173,train
244305,train
244513,train
244554,train
245071,train
245559,train
245664,train
245930,test
246779,train
247669,test
248155,train
248182,train
248325,validation
248466,train
248635,train
248638,test
249393,train
249483,train
249674,train
250208,train
250242,train
250561,train
250946,train
251287,train
251833,train
251941,train
252000,train
252151,train
252156,train
252263,train
252695,train
253156,train
253472,validation
253722,train
253852,train
254224,train
254985,train
255107,validation
255110,validation
255333,train
255366,train
255369,test
256278,test
256311,train
256314,train
256479,train
257228,test
257262,train
257389,train
257780,train
257784,train
257882,train
258028,test
258247,train
258294,train
258511,train
259012,train
259049,train
259334,train
259864,train
260097,train
260255,train
260412,train
261114,test
261706,test
262133,train
262458,train
262595,test
262820,train
263312,validation
263464,test
263849,train
263973,train
264053,test
264524,train
264691,train
264874,train
264922,train
265055,train
265709,train
266024,test
266381,train
266388,train
266482,train
266836,train
267191,train
267491,test
267581,validation
267864,train
267888,train
267891,train
268097,train
268146,train
268232,train
268527,test
268629,train
268971,train
269107,train
269456,train
269758,train
269785,train
269893,train
270263,train
270356,train
270398,train
270439,train
270833,train
271250,validation
271373,train
271431,train
271650,train
271992,train
272151,train
273012,train
273210,train
273345,train
273584,test
273950,train
274159,validation
274573,train
274847,train
274950,validation
274971,train
275357,train
275651,train
275909,train
276580,train
276587,train
276944,validation
277012,train
277016,test
277274,test
277311,train
277428,train
277831,validation
277890,test
277912,train
277985,train
278347,train
278554,train
278597,train
278921,train
279158,train
279473,train
279616,train
279912,train
279959,train
280079,train
280762,train
280864,train
281151,train
281466,test
281608,train
281945,train
281993,train
282115,test
282129,train
282209,train
282253,train
282257,train
282390,train
283044,train
283678,train
284199,train
284307,train
284323,train
284761,validation
285206,train
285313,validation
285337,train
285338,train
286456,train
286471,test
286791,train
286871,train
286923,train
286995,train
287090,train
287226,train
287548,train
287576,train
288245,train
288842,train
289032,train
289314,train
289493,train
290148,train
290165,test
290880,test
291019,validation
291134,train
291175,train
291308,train
291376,train
291427,train
291491,train
291748,validation
292128,validation
292694,train
292833,train
292853,train
292925,train
293159,train
293179,train
293283,train
293399,train
293741,train
294165,train
294223,train
294292,validation
294736,train
295422,train
295440,train
295977,train
296193,test
296316,train
296421,train
296437,train
296535,test
296750,train
296846,train
296998,train
297483,train
297992,train
298300,train
298783,train
299011,validation
299092,train
299449,train
299460,train
299551,train
299833,train
300577,train
300835,train
300904,train
300938,train
301120,train
301662,train
301730,train
301840,train
301947,test
302022,validation
302383,train
302392,train
302424,train
302462,validation
302521,train
302549,train
302764,train
302861,validation
303033,train
303041,train
303183,train
303279,train
303304,train
303393,train
303426,train
303570,train
303925,train
304063,train
304627,train
305182,train
305442,train
305620,train
305625,train
305815,train
305826,validation
306473,train
306479,train
306684,train
307041,train
308634,validation
308844,validation
308861,train
309728,train
309838,train
309924,train
310835,train
310982,train
311168,train
311324,train
311394,test
311520,train
311633,validation
311838,train
312232,train
312397,train
312456,train
312723,train
312738,train
312812,test
312829,train
312945,train
313373,test
313531,train
313812,train
314525,train
315195,validation
315393,test
315706,test
316084,train
316142,validation
316222,train
316297,train
317116,train
317458,train
317546,test
317624,test
317816,train
317860,train
317951,train
318021,validation
318717,train
318895,train
319046,train
319165,train
319239,train
319468,test
319678,train
319712,train
319903,train
320030,train
320070,test
320326,train
320599,train
321043,train
321334,train
321416,train
321634,train
321730,train
322094,train
322311,train
322656,train
322671,train
322921,train
323159,validation
323260,validation
323948,train
323989,train
324193,train
324238,train
324933,validation
325155,train
325348,train
325526,validation
325702,validation
325886,train
326076,train
326086,train
326194,train
326268,test
326541,validation
326628,train
326918,train
327234,validation
327409,train
327479,train
328159,train
328224,train
328688,train
329255,train
329936,train
330138,train
330356,train
330544,train
330969,train
331059,validation
331063,train
331146,train
331497,train
331847,validation
331996,train
332240,train
333805,train
334237,train
334438,train
334935,train
336261,train
336666,train
336748,train
337334,train
337445,train
337472,train
337499,train
337511,train
337608,train
337968,validation
338258,test
338261,train
338694,train
338786,train
339067,validation
339373,train
339388,train
339585,train
339763,train
340030,validation
340673,train
340730,train
340772,validation
340773,train
341013,train
341340,train
341477,test
341698,train
342113,train
342217,train
342638,train
342665,train
342877,train
343092,train
343438,test
343478,train
343888,train
343952,train
343994,train
344076,test
344161,train
344345,train
344363,train
344780,train
344897,train
344900,train
345528,train
345774,train
345803,train
345873,train
346249,test
346272,train
346313,train
346372,train
346436,train
346577,train
346684,test
346788,train
347248,validation
347280,train
347981,train
348329,test
348347,train
348832,test
349298,train
349597,test
349685,train
349851,train
350015,train
350330,train
350436,train
350441,train
350634,train
351116,train
351385,train
351432,train
351442,train
351656,train
351691,train
351828,train
351835,train
352085,test
354148,validation
354548,train
354840,train
355249,train
356338,train
356410,train
356725,train
356747,train
356934,train
357944,train
357995,validation
358336,train
358668,validation
358745,test
359407,train
359691,train
359773,train
359871,test
360078,test
360156,train
360403,train
360563,train
360641,train
360746,train
360823,test
360913,train
361002,train
361046,train
361083,train
361203,train
361412,train
361517,test
361680,test
362051,train
362134,validation
362673,train
362865,train
362871,train
363927,train
364070,test
364376,train
364566,train
364625,train
364761,train
364974,train
365928,train
366670,train
366914,train
366972,validation
367174,train
367553,train
368178,train
368277,train
368494,train
368785,train
368823,test
368900,train
369194,validation
369305,test
369449,train
369522,train
369534,train
369664,test
370000,test
370024,train
370069,train
370155,train
370249,test
370363,test
370806,train
371233,train
371583,train
371849,train
371893,validation
372675,train
372967,train
373501,train
373690,test
374033,train
374117,train
374166,train
374180,test
374235,validation
374326,train
374767,train
374892,train
375296,train
375992,train
376027,test
376217,train
376464,validation
376533,train
376547,train
376658,train
376943,train
377476,train
377653,train
377908,train
378055,train
378302,train
378314,test
378609,train
378774,validation
378792,train
378869,train
378921,train
379191,validation
379290,train
379333,train
379439,train
379577,train
379654,train
379704,train
379944,train
380014,validation
380191,train
380949,train
381185,train
381485,train
382065,train
382131,train
382148,test
383098,validation
383467,validation
383524,train
383684,train
383751,train
383790,train
383904,train
384028,train
384428,train
384555,train
384563,train
384615,train
384825,train
385321,train
385784,train
385863,train
386006,validation
386110,train
386160,train
386736,train
386749,train
386839,validation
386842,train
388116,train
388586,validation
389159,train
389373,train
389419,train
389533,train
389553,train
389659,train
389930,test
390406,train
390419,train
390465,train
390547,test
390817,validation
391050,train
391896,train
392079,train
392120,train
392306,train
392666,train
392927,train
393075,test
393102,train
393145,test
393163,train
393331,train
393544,train
393547,train
394096,train
394125,train
394236,train
395001,train
395027,train
395088,train
395197,train
395336,train
395671,test
395826,train
396041,train
396212,train
396365,train
396367,test
396631,train
396947,train
397002,train
397193,train
397490,test
398034,train
398095,train
398237,train
398251,train
398363,train
398914,train
399247,train
399258,validation
399338,train
399426,train
399834,train
399836,test
400371,train
400756,train
401465,train
401731,train
401739,train
401861,train
403109,train
403309,train
403454,train
403845,validation
404161,test
404303,train
404450,train
404472,train
404492,train
405591,validation
406126,train
406271,train
406358,train
406754,train
406896,train
407042,train
407382,train
408015,train
408384,train
408752,validation
408984,train
409066,test
409236,train
409238,train
409465,train
409591,validation
409607,test
409701,train
409743,test
410260,validation
410346,train
410703,train
410771,validation
410935,validation
410943,train
410966,test
411046,train
411129,train
411355,train
411440,train
411539,train
411610,train
411628,test
411794,train
412171,train
412313,train
412415,train
412816,test
413384,train
413528,validation
413778,train
414338,train
414495,train
414530,train
414834,train
414968,train
415659,train
415930,train
416142,train
416426,train
417027,train
417189,train
417348,validation
417544,train
417723,train
418149,test
418351,train
418442,train
418823,train
418908,train
419731,validation
419845,validation
420134,test
420201,train
420309,train
420499,train
420760,train
420844,train
421506,train
421727,train
421784,train
422173,validation
422205,validation
422383,train
422537,train
424218,train
424492,validation
424766,train
424828,train
424851,train
425202,train
425650,train
426334,train
426529,train
426668,train
427031,train
427094,train
427256,validation
427661,train
427718,validation
428376,train
428528,train
428681,train
428977,train
429305,train
429468,train
429684,train
430035,train
430088,validation
430139,test
430185,train
430425,test
430701,train
430765,train
431022,validation
431317,train
431775,train
432240,train
432292,validation
432407,validation
432623,train
433066,train
433486,train
433565,train
434423,train
434719,train
435047,train
435672,train
435933,train
436024,train
436363,test
436384,train
436695,train
436856,train
436989,train
437065,train
437321,train
437944,train
437962,train
438225,train
438385,train
438444,test
438450,train
438453,train
438634,train
438655,train
438693,train
438754,train
438775,train
439311,train
439528,train
439543,train
439721,train
439876,train
440029,train
440413,train
440866,train
440889,validation
441342,train
441444,validation
441503,train
441920,train
442280,train
442385,test
442422,train
442528,train
442751,train
443513,train
443597,train
443668,test
443936,test
444121,train
444478,test
444635,train
444745,train
444793,train
445069,train
445116,test
445214,train
445339,train
445442,train
445676,train
445946,train
446481,test
446730,validation
446748,train
447150,train
447275,train
447378,train
447404,train
447484,train
447485,train
447623,train
448085,train
448229,train
448346,train
448360,train
448873,test
449445,train
449581,validation
449911,train
450010,train
450167,train
450241,validation
450250,train
450324,train
450337,train
450411,train
450454,train
451055,test
451127,train
451542,train
451630,train
451661,train
451729,train
451816,train
451864,train
452683,train
452985,train
453919,validation
454388,train
454815,train
455235,train
455625,train
455942,train
456393,train
456860,train
457016,test
457355,train
457417,train
457620,train
458258,train
458268,train
458440,validation
458445,train
458734,train
458999,train
459399,train
460143,train
460672,train
460901,train
461370,train
461834,train
461836,test
462061,train
462490,validation
463250,train
463368,train
463385,train
463388,train
463770,train
463881,train
464047,train
464210,test
464327,train
464467,train
464507,train
464781,validation
464815,train
464984,train
465359,train
466068,train
466325,test
466534,train
466622,train
466668,test
466876,train
467450,train
467617,train
468327,train
468361,train
468483,train
468893,train
469273,train
469672,train
470113,validation
470320,train
470589,train
470741,train
470800,train
470861,train
470875,train
470919,train
471501,train
472047,train
472121,train
472187,train
472428,test
472710,train
472772,train
473021,train
473029,test
473104,train
473294,train
473530,train
473847,validation
474024,train
474034,train
474294,validation
474304,validation
474575,test
474718,train
474795,train
474850,train
475393,train
475511,train
475737,train
475813,train
476112,train
476165,train
